Title;Date
Alacakaranlık Efsanesi Yeni Ay;4/22/25
BoJack Horseman: 1. Sezon: Hızlı Yaşa Diane Nguyen;4/22/25
BoJack Horseman: 1. Sezon: Zoe'ler ve Zelda'lar;4/22/25
BoJack Horseman: 1. Sezon: Huysuz Kek;4/21/25
BoJack Horseman: 1. Sezon: BoJack Askerlerden Nefret Ediyor;4/21/25
BoJack Horseman: 1. Sezon: BoJack Horseman: BoJack Horseman'ın Hikayesi, Bölüm Bir;4/21/25
Orange Is the New Black: 7. Sezon: Fırıncı Düzinesi;3/17/25
Orange Is the New Black: 7. Sezon: Aynen Ben de;3/16/25
Orange Is the New Black: 7. Sezon: Asansörde Mahsur Kalmak;3/11/25
Orange Is the New Black: 1. Sezon: Tampon Burger;3/9/25
Suits: 1. Sezon: Pilot Bölüm 1 ve 2;3/7/25
BoJack Horseman: 3. Sezon: Eski Tanıdık;3/7/25
BoJack Horseman: 5. Sezon: Denizaltının İçi;3/7/25
Mezarlık: 2. Sezon: Nostos Algos Bölüm 2;3/6/25
Mezarlık: 2. Sezon: Nostos Algos Bölüm 1;3/6/25
Mezarlık: 2. Sezon: Hayırsız Ada Bölüm 2;3/6/25
Mezarlık: 2. Sezon: Hayırsız Ada Bölüm 1;3/6/25
Mezarlık: 2. Sezon: Belladonna Bölüm 2;3/3/25
Mezarlık: 2. Sezon: Belladonna Bölüm 1;3/3/25
Mezarlık: 2. Sezon: Dilsiz Şeytan Bölüm 2;3/3/25
Mezarlık: 2. Sezon: Dilsiz Şeytan Bölüm 1;3/3/25
The Platform;1/15/25
The Platform 2;1/15/25
BoJack Horseman: 5. Sezon: Bedava Churro;11/20/24
BoJack Horseman: 2. Sezon: Sihirli Söz;11/20/24
Breaking Bad: 1. Sezon: Hasta Adam;10/10/24
Breaking Bad: 1. Sezon: Eksik Parça;10/7/24
Canavarlar: Lyle ve Erik Menendez'in Hikâyesi: The Lyle and Erik Menendez Story: Fazla Bozukluğun Var mı, Birader?;10/2/24
Canavarlar: Lyle ve Erik Menendez'in Hikâyesi: The Lyle and Erik Menendez Story: Para Harcama Çılgınlığı;10/2/24
Canavarlar: Lyle ve Erik Menendez'in Hikâyesi: The Lyle and Erik Menendez Story: Acımasız Bir Plan;10/2/24
Breaking Bad: 1. Sezon: Yazı Tura;9/10/24
Breaking Bad: 1. Sezon: Pilot Bölüm;9/8/24
Breaking Bad: 4. Sezon: Kahraman;9/8/24
Alacakaranlık Efsanesi: Şafak Vakti Bölüm 2;9/4/24
Alacakaranlık Efsanesi: Şafak Vakti Bölüm 1;9/4/24
Alacakaranlık Efsanesi Tutulma;9/4/24
Alacakaranlık;9/3/24
Awake;9/2/24
Gilmore Girls: 1. Sezon: Pilot Bölüm;9/2/24
Recep İvedik 5;8/28/24
Jumanji: Yeni Seviye;8/28/24
Recep İvedik 7;8/28/24
Recep Ivedik 3;8/28/24
Recep Ivedik;8/28/24
Recep Ivedik 4;8/26/24
Barbie Mermaid Power;8/26/24
Barbie Princess Adventure;8/26/24
Recep İvedik 2;8/26/24
Gözlerinin Ardında: Mini Dizi: Gözlerinin Ardında;8/13/24
Gözlerinin Ardında: Mini Dizi: İkinci Kapı;8/13/24
Gözlerinin Ardında: Mini Dizi: Rob;8/12/24
Gözlerinin Ardında: Mini Dizi: İlk Kapı;8/12/24
Gözlerinin Ardında: Mini Dizi: Bilinçli Rüyalar;8/12/24
Gözlerinin Ardında: Mini Dizi: Tesadüfi Karşılaşmalar;8/12/24
The Good Place: 3. Sezon: Jeremy Bearimy;8/11/24
The Good Place: 1. Sezon: Jason Mendoza;8/11/24
BoJack Horseman: 2. Sezon: Tavuklar;8/1/24
BoJack Horseman: 2. Sezon: Parti Sonrası;7/30/24
BoJack Horseman: 2. Sezon: Kırık;7/30/24
BoJack Horseman: 2. Sezon: Geçmişten Gelen;7/29/24
BoJack Horseman: 2. Sezon: Yepyeni Bir Kanepe;7/29/24
BoJack Horseman: 1. Sezon: Acelesi Yok;7/29/24
BoJack Horseman: 1. Sezon: Moral Bozucu Bir Son;7/29/24
BoJack Horseman: 1. Sezon: Tek Numara Bilen Midilli;7/29/24
BoJack Horseman: 1. Sezon: Acil Durum;7/28/24
BoJack Horseman: 1. Sezon: Teleskop;7/28/24
BoJack Horseman: 1. Sezon: Bir Şey Söyle;7/28/24
BoJack Horseman: 1. Sezon: Bizimkisi Bir 'D' Hikayesi;7/27/24
BoJack Horseman Christmas Special: Sabrina's Christmas Wish;7/10/24
BoJack Horseman: 6. Sezon: Yine de Güzeldi;7/7/24
BoJack Horseman: 6. Sezon: Yarı Yoldaki Manzara;7/7/24
BoJack Horseman: 6. Sezon: Angela;7/7/24
BoJack Horseman: 6. Sezon: Boynuzlayan Tek Boynuzlu;7/7/24
BoJack Horseman: 6. Sezon: Fotokopinin Fotokopisi;7/6/24
BoJack Horseman: 6. Sezon: Batık Maliyet ve Niceleri;7/6/24
BoJack Horseman: 6. Sezon: İyi Hasar;7/5/24
BoJack Horseman: 6. Sezon: BoJack Horseman'la Orta Düzey Rol Çalışması;7/5/24
BoJack Horseman: 6. Sezon: O Yokken, Çabucak Bir Tane;7/5/24
Paris'in Altında;7/4/24
Evcil Hayvanların Gizli Yaşamı;7/4/24
Patron Bebek;7/4/24
Breaking Bad: 4. Sezon: Kurşun Delikleri;7/4/24
Uyumsuz;7/3/24
BoJack Horseman: 6. Sezon: Depresyonun Yüzü;7/3/24
BoJack Horseman: 6. Sezon: Böbrek Konusu Kapanmıyor;7/3/24
BoJack Horseman: 6. Sezon: Birazcık Yamuk, Hepsi Bu;7/3/24
BoJack Horseman: 6. Sezon: Bir Sürpriz;7/3/24
BoJack Horseman: 6. Sezon: İyi Hissettiren Hikâye;7/3/24
BoJack Horseman: 6. Sezon: Yeni Müşteri;6/30/24
BoJack Horseman: 6. Sezon: Bir At Rehabilitasyona Gider;6/30/24
BoJack Horseman: 5. Sezon: Durdurulan Dizi;6/29/24
BoJack Horseman: 5. Sezon: Dizinin Kösteği;6/29/24
BoJack Horseman: 5. Sezon: Aklım Havada;6/29/24
BoJack Horseman: 5. Sezon: Her Şey Geçmişte Kaldı;6/29/24
BoJack Horseman: 5. Sezon: Mr. Peanutbutter'ın Kız Arkadaşları;6/27/24
BoJack Horseman: 5. Sezon: Amelia Earhart'ın Hikâyesi;6/26/24
BoJack Horseman: 5. Sezon: Feminist BoJack;6/26/24
BoJack Horseman: 5. Sezon: Planlı Eskitme;6/26/24
BoJack Horseman: 5. Sezon: Bir İlişkinin Ardından;6/26/24
BoJack Horseman: 5. Sezon: Ampul Sahnesi;6/26/24
BoJack Horseman: 4. Sezon: Şu Anda Saat Kaç;6/25/24
BoJack Horseman: 4. Sezon: Time's Arrow;6/25/24
BoJack Horseman: 4. Sezon: Kaliforniya Yaşam Tarzına Bayılıyorum!!;6/25/24
BoJack Horseman: 4. Sezon: Ruthie;6/25/24
BoJack Horseman: 4. Sezon: Yargıç;6/23/24
BoJack Horseman: 4. Sezon: Yeraltı;6/23/24
BoJack Horseman: 4. Sezon: Beş Para Etmez Pislik;6/23/24
BoJack Horseman: 4. Sezon: Düşünceler ve Dualar;6/23/24
BoJack Horseman: 4. Sezon: Hidrolik Kırılmayı Başlatın;6/23/24
BoJack Horseman: 4. Sezon: Yaşasın! Todd'lu Bölüm!;6/23/24
BoJack Horseman: 4. Sezon: Sugarman'ların Eski Evi;6/23/24
BoJack Horseman: 4. Sezon: Mr. Peanutbutter'ın Adaylığı;6/23/24
BoJack Horseman: 3. Sezon: Her Şey Yolunda;6/22/24
BoJack Horseman: 3. Sezon: Bu Kadarı da Fazla!;6/22/24
BoJack Horseman: 3. Sezon: Katil BoJack;6/22/24
BoJack Horseman: 3. Sezon: Mesele Sensin;6/22/24
BoJack Horseman: 3. Sezon: Başıma Gelen En İyi Şey;6/22/24
BoJack Horseman: 3. Sezon: Baskıyı Durdurun;6/22/24
Young Sheldon: 1. Sezon: Kartal Tüyü, Taze Fasulye ve Bir Eskimo;6/21/24
Young Sheldon: 1. Sezon: Spock, Kirk ve Testis Fıtığı;6/21/24
Young Sheldon: 1. Sezon: Canaveral Burnu, Schrödinger'in Kedisi ve Cyndi Lauper'ın Saçı;6/21/24
Young Sheldon: 1. Sezon: Göğüs Eti, Büyücü ve Cannonball Run;6/21/24
Young Sheldon: 1. Sezon: Pilot Bölüm;6/21/24
The Cuphead Show!: 3. Sezon: Tehlikeyle Dans;6/21/24
The Cuphead Show!: 3. Sezon: Araba Gezintisi;6/21/24
The Cuphead Show!: 3. Sezon: Zarlar Atılsın!;6/21/24
The Cuphead Show!: 1. Sezon: Karn-Aman!;6/21/24
Sünger Bob Kare Pantolon: 5. Sezon: Para Konuşur / Sünger Bob Burger Makinesine Karşı / Yapmacık Dans;6/21/24
Sünger Bob Kare Pantolon: 5. Sezon: Bir Burgeri Sevmek / Taze Squidward'ün Nefesi;6/21/24
Sünger Bob Kare Pantolon: 5. Sezon: Tren Korkusu / Kovam Tatlı Kovam;6/21/24
Sünger Bob Kare Pantolon: 7. Sezon: Dokunaç Görüşü / Dans Etmeyi Seviyorum;6/21/24
Buz Devri: Büyük Çarpışma;6/21/24
Buz Devri 3: Dinozorların Şafağı;6/21/24
BoJack Horseman: 3. Sezon: Brrap Brrap Pew Pew;6/20/24
BoJack Horseman: 3. Sezon: Aşk ve/veya Evlilik;6/14/24
BoJack Horseman: 3. Sezon: Sudan Çıkmış Balık;6/2/24
BoJack Horseman: 3. Sezon: The BoJack Horseman Show;5/29/24
BoJack Horseman: 3. Sezon: Haberi Yayalım;5/29/24
BoJack Horseman: 2. Sezon: Denizde;5/27/24
BoJack Horseman: 2. Sezon: LA'den Kaçış;5/27/24
BoJack Horseman: 2. Sezon: Evet Ama;5/27/24
BoJack Horseman: 2. Sezon: Çekim;5/16/24
BoJack Horseman: 2. Sezon: Hadi Öğrenelim;5/16/24
BoJack Horseman: 2. Sezon: Hank After Dark;5/16/24
Şrek;4/13/24
The Powerpuff Girls: 1. Sezon: Maymunlar Buyurur, Köpekler Yapar / Korkunç Anne;4/9/24
The Powerpuff Girls: 1. Sezon: Böcek İstilası / Powerpuff Blöf;4/9/24
Winx Dünyası: Yetenek Hırsızı;4/9/24
Kayıp Kız;4/8/24
Ever After High: Ever After High'a Hoş Geldiniz: İki Masalın Masalı;3/2/24
Peppa Pig: 6. Sezon: The Queen/Desert Island/Perfume/The Children's Fete;3/2/24
Barbie Life in the Dreamhouse: En İyiler - Moda;3/2/24
Barbie Life in the Dreamhouse: En İyiler - Arkadaşlar;3/2/24
Teen Titans Go!: 5. Sezon: Kepçe / Beşikteki Civciv;3/2/24
Rick and Morty: 1. Sezon: Pilot Bölüm;3/2/24
Black Mirror: 6. Sezon: Joan İğrenç Biri;2/25/24
​Carol & The End of The World: Mini Dizi: Oyalanma;1/28/24
​Carol & The End of The World: Mini Dizi: Pilot Bölüm;1/27/24
The Good Place: 1. Sezon: Tahani Al-Jamil;1/20/24
The Good Place: 1. Sezon: Uçmak;1/20/24
The Good Place: 2. Sezon: Hamam Böceği Takımı;1/20/24
Gossip Girl: 1. Sezon: Azılı Düşmanla Yemek;12/11/23
Gossip Girl: 1. Sezon: Pilot Bölüm;12/11/23
Orange Is the New Black: 1. Sezon: Hazır Değildim;11/8/23
Sex Education: 4. Sezon: 8. Bölüm;10/9/23
Sex Education: 4. Sezon: 7. Bölüm;10/9/23
Sex Education: 4. Sezon: 6. Bölüm;10/8/23
Sex Education: 4. Sezon: 5. Bölüm;10/8/23
Sex Education: 4. Sezon: 4. Bölüm;10/8/23
Sex Education: 4. Sezon: 3. Bölüm;10/7/23
Sex Education: 4. Sezon: 2. Bölüm;10/6/23
Sex Education: 4. Sezon: 1. Bölüm;10/6/23
Breaking Bad: 4. Sezon: Açık Ev;9/21/23
Breaking Bad: 4. Sezon: Otuzsekizlik;9/21/23
Breaking Bad: 4. Sezon: Maket Bıçağı;9/21/23
Breaking Bad: 3. Sezon: Yeterli Önlem;9/20/23
Breaking Bad: 3. Sezon: Yetersiz Önlem;9/20/23
Breaking Bad: 3. Sezon: Son Kapı;9/20/23
Breaking Bad: 3. Sezon: Sinek;9/20/23
Breaking Bad: 3. Sezon: Kafka;9/20/23
Breaking Bad: 3. Sezon: Yoğun Bakım;9/18/23
Breaking Bad: 3. Sezon: Bir Dakika;9/18/23
Breaking Bad: 3. Sezon: Gün Batımı;9/17/23
Breaking Bad: 3. Sezon: Devam;9/16/23
Breaking Bad: 3. Sezon: Yeşil Işık;9/16/23
Breaking Bad: 3. Sezon: İhanet;9/15/23
Breaking Bad: 3. Sezon: Çatıdaki Pizza;9/15/23
Breaking Bad: 3. Sezon: Terk;9/14/23
Breaking Bad: 2. Sezon: ABQ;9/14/23
Breaking Bad: 2. Sezon: Phoneix;9/14/23
Breaking Bad: 2. Sezon: Yaşam Döngüsü;9/13/23
Breaking Bad: 2. Sezon: Kutlama;9/12/23
Breaking Bad: 2. Sezon: Dört Uzun Gün;9/12/23
Breaking Bad: 2. Sezon: Saul Goodman;9/12/23
Breaking Bad: 2. Sezon: Siyah ve Mavi;9/11/23
Breaking Bad: 2. Sezon: ATM;9/10/23
Breaking Bad: 2. Sezon: Hamamböcekleri;9/10/23
Breaking Bad: 2. Sezon: Özür;9/10/23
Keeping Up with the Kardashians: 11. Sezon: 1. Bölüm;9/10/23
Breaking Bad: 2. Sezon: Ölü Arının İğnesi;9/9/23
Breaking Bad: 1. Sezon: Yastık;9/9/23
Breaking Bad: 2. Sezon: Zil;9/9/23
Breaking Bad: 2. Sezon: Yedi Yüz Otuz Yedi;9/9/23
Breaking Bad: 1. Sezon: Yasa Dışı;9/9/23
Breaking Bad: 1. Sezon: Heisenberg;9/8/23
Aşkı Seç;9/2/23
Orange Is the New Black: 7. Sezon: Yolun Sonu;8/8/23
Orange Is the New Black: 7. Sezon: Büyük Ev;8/8/23
Orange Is the New Black: 7. Sezon: Tanrı Amerika'yı Korusun;8/4/23
Orange Is the New Black: 7. Sezon: On Üçüncü;8/4/23
Orange Is the New Black: 7. Sezon: Gizli Sığınak;8/3/23
Orange Is the New Black: 7. Sezon: Sınır Dışı;7/26/23
Orange Is the New Black: 7. Sezon: Müebbet Hapis;7/21/23
Orange Is the New Black: 7. Sezon: Şimdi Azınlıklar Moda;7/16/23
Orange Is the New Black: 7. Sezon: Ne Ekersen Onu Biçersin;7/15/23
Orange Is the New Black: 7. Sezon: Sonun Başlangıcı;7/15/23
Orange Is the New Black: 6. Sezon: Özgür Ol;7/12/23
Orange Is the New Black: 6. Sezon: Çifte Bela;7/8/23
Orange Is the New Black: 6. Sezon: İşler Birden Tuhaflaştı;7/6/23
Orange Is the New Black: 6. Sezon: Çikolata Parçacıklı Nookie;7/2/23
Orange Is the New Black: 6. Sezon: İpini Kopar;7/2/23
Orange Is the New Black: 6. Sezon: Gordon;7/1/23
Sünger Bob Kare Pantolon: 9. Sezon: Yengeç Restoranı'nda İsyan / Bütün Bir Diş;6/30/23
Sünger Bob Kare Pantolon: 9. Sezon: Ananas İstilası / Salsa Embesilikus;6/30/23
Sünger Bob Kare Pantolon: 9. Sezon: Yemek Şovu Kazazedeleri / Salyangoz Postası;6/30/23
Sünger Bob Kare Pantolon: 9. Sezon: Sandy’nin Fındık Kâbusu / İlan Panosu;6/30/23
Sünger Bob Kare Pantolon: 9. Sezon: Ekstrem Sporlar / Sincap Rekoru;6/30/23
Yürüyen Şato;6/30/23
Teen Titans Go!: 4. Sezon: Televizyon Gecesi 3 / Birader Kıyameti;6/30/23
Teen Titans Go!: 4. Sezon: Daha Çok Para Daha Çok Sorun / Canavar Kız;6/30/23
Teen Titans Go!: 4. Sezon: Dostluğun Doğum Günü / Alma Günü;6/30/23
Teen Titans Go!: 4. Sezon: Kendini Beğenmiş 200. Bölüm!: Kısım1 / Kendini Beğenmiş 200. Bölüm!: Kısım 2;6/30/23
Teen Titans Go!: 4. Sezon: Kostüm Yarışması / İblis Balosu;6/30/23
Teen Titans Go!: 4. Sezon: Akademi / Kemik Tahtı;6/30/23
Orange Is the New Black: 6. Sezon: Değişim Rüzgârları;6/30/23
Orange Is the New Black: 6. Sezon: Rahim Bir Durum;6/28/23
Orange Is the New Black: 6. Sezon: Haylazlık Gecesi;6/28/23
Orange Is the New Black: 6. Sezon: Konuşan Merkep;6/28/23
Orange Is the New Black: 6. Sezon: Adımlarını Dikkatli At;6/28/23
Orange Is the New Black: 6. Sezon: Bomb*k Günler Geliyor;6/27/23
Orange Is the New Black: 6. Sezon: Benden Daha İyi Kim Bilir?;6/27/23
Orange Is the New Black: 5. Sezon: İşler Çığırından Çıktı;6/27/23
Orange Is the New Black: 5. Sezon: Kaderin Balık Dövmesi;6/27/23
Orange Is the New Black: 5. Sezon: Engelleri Yıkmak;6/27/23
Orange Is the New Black: 5. Sezon: Ters Midas Dokunuşu;6/27/23
Orange Is the New Black: 5. Sezon: Tahrik;6/27/23
Orange Is the New Black: 5. Sezon: Raylara Bağlı;6/27/23
Teen Titans Go!: 4. Sezon: Kariyer Günü / Televizyon Gecesi 2;6/25/23
Teen Titans Go!: 4. Sezon: İşçi Bayramı / Birler ve Sıfırlar;6/25/23
Teen Titans Go!: 4. Sezon: Adalet Birliği'nin Yeni En İyi Yetenek İdol Starı: Kısım 1 / Adalet Birliği'nin Yeni En İyi Yetenek İdol Starı: Kısım 2;6/25/23
Teen Titans Go!: 4. Sezon: Likasyon / Klasik Titanlar;6/25/23
Teen Titans Go!: 4. Sezon: Beyin Yüzdeleri / BL4Z3;6/25/23
Teen Titans Go!: 4. Sezon: Cips Kola Kilidi / Sıcak Salata Suyu;6/25/23
Pup Academy: 1. Sezon: Sokak Köpeğinin İlk Günü;6/25/23
Süngerbob Karepantolon;6/25/23
Orange Is the New Black: 5. Sezon: Yarım Snickers İçin Yapılabilecekler;6/25/23
The Sinner: 4. Sezon: Percy: Kısım VIII;6/1/23
The Sinner: 4. Sezon: Percy: Kısım VII;6/1/23
The Sinner: 4. Sezon: Percy: Kısım VI;5/30/23
The Sinner: 4. Sezon: Percy: Kısım V;5/29/23
The Sinner: 4. Sezon: Percy: Kısım IV;5/29/23
The Sinner: 4. Sezon: Percy: Kısım III;5/29/23
The Sinner: 4. Sezon: Percy: Kısım II;5/29/23
The Sinner: 4. Sezon: Percy: Kısım I;5/29/23
Sex Education: 1. Sezon: 4. Bölüm;5/6/23
Sex Education: 1. Sezon: 3. Bölüm;5/6/23
The Empress: 1. Sezon: Varış;4/18/23
The Empress: 1. Sezon: İnsanın Dünyadaki Yeri;4/18/23
Obsession: Mini Dizi: 3. Bölüm;4/13/23
Obsession: Mini Dizi: 2. Bölüm;4/13/23
Obsession: Mini Dizi: 1. Bölüm;4/13/23
The Good Place: 2. Sezon: Dans Dans Azim;4/12/23
The Good Place: 2. Sezon: Her Şey Harika!;4/12/23
The Good Place: 1. Sezon: Michael'ın Planı;4/12/23
The Good Place: 1. Sezon: Mindy St. Claire;4/12/23
The Good Place: 1. Sezon: Benim Motivasyonum Ne?;4/12/23
Sex Education: 1. Sezon: 2. Bölüm;3/31/23
You: 4. Sezon: Tilki ve Tazı;3/5/23
You: 4. Sezon: Hampsy;3/5/23
You: 4. Sezon: Zenginler Hedefte;3/4/23
You: 4. Sezon: Sanatçının Portresi;3/3/23
You: 4. Sezon: Joe Tatilde;2/28/23
You: 2. Sezon: İyi Sağlıklı Hafta Sonları, Joe!;2/28/23
Sex Education: 1. Sezon: 1. Bölüm;2/25/23
Dünyanın En Zorlu Hapishaneleri: 6. Sezon: Yunanistan: İnsan Kaçakçıları Hapishanesi;2/8/23
Dünyanın En Zorlu Hapishaneleri: 6. Sezon: Bosna: Mafya Hapishanesi;2/8/23
Dünyanın En Zorlu Hapishaneleri: 6. Sezon: Güney Kıbrıs: Ütopya Hapishanesi;2/8/23
Dünyanın En Zorlu Hapishaneleri: 6. Sezon: Moldova: Müebbetlikler Hapishanesi;2/8/23
Sıcak Kafa: Adımın Bir Önemi Yok;2/5/23
Sıcak Kafa: Gül ve Diken;2/5/23
Sıcak Kafa: 7’ye 13 Kala;2/4/23
Sıcak Kafa: Şafak Söktü, Akrep Öldü;2/4/23
Sıcak Kafa: Yüksek Ateş;2/4/23
Sıcak Kafa: 6. Bölge;2/4/23
Sıcak Kafa: Kedi, Kutu, Huni;2/4/23
Sıcak Kafa: Galanthus Byzantinus;2/4/23
Brooklyn Nine-Nine: 1. Sezon: Parti;2/1/23
Şahmaran: 1. Sezon: İçimdeki Yılan;1/31/23
Şahmaran: 1. Sezon: Aşkın Tekerrürü;1/31/23
Şahmaran: 1. Sezon: Hayat Gürültüsü;1/31/23
Şahmaran: 1. Sezon: Gelecek Değişir;1/31/23
Şahmaran: 1. Sezon: İnanmanın Dayanılmaz Hafifliği;1/31/23
Şahmaran: 1. Sezon: Kararsız Denge;1/31/23
Şahmaran: 1. Sezon: Yağmurun Söyledikleri;1/31/23
Şahmaran: 1. Sezon: Dünya Sancısı;1/31/23
Harry Potter ve Ölüm Yadigarları: Bölüm 1;1/10/23
Harry Potter ve Melez Prens;1/5/23
Harry Potter ve Zümrüdüanka Yoldaşlığı;1/3/23
Harry Potter ve Ateş Kadehi;1/3/23
DAHMER: Canavar: Jeffrey Dahmer'ın Hikâyesi: Lütfen Gitme;1/1/23
DAHMER: Canavar: Jeffrey Dahmer'ın Hikâyesi: Birinci Bölüm;1/1/23
The Office: 3. Sezon: Birleşme;10/2/22
Cennete Hoş Geldiniz: 1. Sezon: Veda Partisi;9/15/22
Cennete Hoş Geldiniz: 1. Sezon: Değerlendirme;9/15/22
Cennete Hoş Geldiniz: 1. Sezon: Hayatınızın Yolculuğu;9/15/22
The Crown: 1. Sezon: Göz Boyama;9/15/22
The Crown: 1. Sezon: Doğal Afet;9/15/22
The Crown: 1. Sezon: Windsor;9/14/22
The Crown: 1. Sezon: Hyde Park Corner;9/13/22
The Crown: 1. Sezon: Wolferton Splash;9/13/22
Derry Girls: 2. Sezon: 1. Bölüm;9/11/22
Derry Girls: 1. Sezon: 6. Bölüm;9/11/22
Derry Girls: 1. Sezon: 5. Bölüm;9/10/22
Derry Girls: 1. Sezon: 4. Bölüm;9/10/22
The Spanish Princess: 2. Sezon: Huzur;9/10/22
Derry Girls: 1. Sezon: 3. Bölüm;9/10/22
Derry Girls: 1. Sezon: 2. Bölüm;9/10/22
Derry Girls: 1. Sezon: 1. Bölüm;9/10/22
Crashing: 1. Bölüm;9/10/22
Devil in Ohio: Mini Dizi: Düşerken Kurtarılan;9/9/22
The Spanish Princess: 2. Sezon: İnanç;9/4/22
The Spanish Princess: 2. Sezon: Altın Kumaş Tarlası;9/2/22
The Spanish Princess: 2. Sezon: Veba;9/2/22
The Spanish Princess: 2. Sezon: Başka Bir Kadın;9/2/22
The Spanish Princess: 2. Sezon: Keder;9/1/22
The Spanish Princess: 2. Sezon: Flodden;9/1/22
The Spanish Princess: 2. Sezon: Camelot;9/1/22
The Spanish Princess: Kader;9/1/22
The Spanish Princess: Her Şey Bitti;9/1/22
The Spanish Princess: Kibar Bir Kaçırılma;9/1/22
The Spanish Princess: Kalp mi, Görev mi?;8/31/22
The Spanish Princess: Harry İçin Mücadele;8/31/22
The Spanish Princess: Cesur Bir Plan;8/31/22
The Spanish Princess: Sayıklama;8/31/22
The Spanish Princess: Yeni Dünya;8/27/22
The White Princess: Eski Lanetler;8/26/22
The White Princess: İki Kral;8/26/22
Dead to Me: 1. Sezon: Pilot Bölüm;8/25/22
The White Princess: İngiliz Topraklarındaki İngiliz Kanı;8/25/22
The White Princess: Hainler;8/25/22
The White Princess: Tahtın Talibi;8/25/22
The Woman in the House Across the Street from the Girl in the Window: Mini Dizi: 8. Bölüm;8/25/22
The Woman in the House Across the Street from the Girl in the Window: Mini Dizi: 7. Bölüm;8/25/22
The Woman in the House Across the Street from the Girl in the Window: Mini Dizi: 5. Bölüm;8/24/22
The Woman in the House Across the Street from the Girl in the Window: Mini Dizi: 6. Bölüm;8/24/22
The Woman in the House Across the Street from the Girl in the Window: Mini Dizi: 4. Bölüm;8/24/22
The Woman in the House Across the Street from the Girl in the Window: Mini Dizi: 3. Bölüm;8/24/22
The Woman in the House Across the Street from the Girl in the Window: Mini Dizi: 2. Bölüm;8/24/22
The Woman in the House Across the Street from the Girl in the Window: Mini Dizi: 1. Bölüm;8/24/22
The White Princess: Burgonya;8/24/22
The White Princess: Kalpler ve Zihinler;8/24/22
The White Princess: Düşmanla Yatmak;8/24/22
The White Queen: Son Savaş;8/23/22
The White Queen: Kule'deki Prensler;8/23/22
The White Queen: Kralımız Çok Yaşa;8/23/22
The White Queen: Zehir ve Malvazya Şarabı;8/23/22
The White Queen: Aşk ve Ölüm;8/21/22
The White Queen: İlk Elden Savaş;8/19/22
The White Queen: Kötü Kraliçe;8/19/22
The White Queen: Fırtına;8/19/22
The White Queen: Gücün Bedeli;8/18/22
The White Queen: Krala Âşık Olmak;8/18/22
The Office: 3. Sezon: Şube Kapanışı;8/15/22
D@bbe: Bir Cin Vakasi;8/12/22
Orange Is the New Black: 5. Sezon: Acılı Cheetos'ları Yakıyoruz;8/8/22
Orange Is the New Black: 5. Sezon: Göster Kendini Beyaz Effie;8/6/22
Kuş Uçuşu: 1. Sezon: 5. Bölüm;7/31/22
Kuş Uçuşu: 1. Sezon: 4. Bölüm;7/30/22
Kuş Uçuşu: 1. Sezon: 3. Bölüm;7/29/22
Kuş Uçuşu: 1. Sezon: 2. Bölüm;7/29/22
Kuş Uçuşu: 1. Sezon: 1. Bölüm;7/27/22
Ratched: Pilot Bölüm;7/24/22
Mezarlık: 1. Sezon: Düğüm;7/22/22
Mezarlık: 1. Sezon: Göldeki Kadın;7/22/22
Mezarlık: 1. Sezon: Bir Nefes Kadar Yakın;7/21/22
Mezarlık: 1. Sezon: Güneşten Daha Sıcak;7/21/22
Black Mirror: 5. Sezon: Striking Vipers;7/5/22
Sex Education: 3. Sezon: 8. Bölüm;6/30/22
Sex Education: 3. Sezon: 7. Bölüm;6/30/22
Sex Education: 3. Sezon: 6. Bölüm;6/30/22
Sex Education: 3. Sezon: 5. Bölüm;6/29/22
Sex Education: 3. Sezon: 4. Bölüm;6/29/22
Sex Education: 3. Sezon: 3. Bölüm;6/29/22
Sex Education: 3. Sezon: 2. Bölüm;6/29/22
Sex Education: 3. Sezon: 1. Bölüm;6/29/22
Sex Education: 2. Sezon: 8. Bölüm;6/29/22
Sex Education: 2. Sezon: 7. Bölüm;6/29/22
Sex Education: 2. Sezon: 6. Bölüm;6/29/22
Sex Education: 2. Sezon: 5. Bölüm;6/28/22
Sex Education: 2. Sezon: 4. Bölüm;6/28/22
Sex Education: 2. Sezon: 3. Bölüm;6/19/22
Sex Education: 2. Sezon: 2. Bölüm;6/18/22
Sex Education: 2. Sezon: 1. Bölüm;6/16/22
Sex Education: 1. Sezon: 8. Bölüm;6/16/22
Sex Education: 1. Sezon: 7. Bölüm;6/15/22
Sex Education: 1. Sezon: 6. Bölüm;6/15/22
Sex Education: 1. Sezon: 5. Bölüm;6/15/22
Harry Potter ve Ölüm Yadigarları: Bölüm 2;4/18/22
Harry Potter ve Felsefe Taşı;4/16/22
The Office: 3. Sezon: Diwali Kutlaması;4/14/22
Élite: 5. Sezon: Ayrı Dünyaların İnsanları;4/14/22
Élite: 5. Sezon: Onu Ben Öldürdüm;4/14/22
Élite: 2. Sezon: 59 Saattir Kayıp;4/14/22
Pera Palas'ta Gece Yarısı: 1. Sezon: Zenberek;3/16/22
Pera Palas'ta Gece Yarısı: 1. Sezon: Yüzleşme;3/15/22
Pera Palas'ta Gece Yarısı: 1. Sezon: Yolculuk;3/15/22
The Office: 3. Sezon: Schrute Çiftliği;3/10/22
Orange Is the New Black: 5. Sezon: Yetenek Sizsiniz Litchfield;3/7/22
Orange Is the New Black: 5. Sezon: Çiş Kardeşiyiz Biz;2/10/22
Orange Is the New Black: 5. Sezon: Yat, Evlen, Öldür;2/5/22
F is for Family: 5. Sezon: Güle Güle, Frankie;2/4/22
F is for Family: 5. Sezon: Mutlu Noeller A**** K******;2/4/22
F is for Family: 5. Sezon: Manyaklar;2/3/22
F is for Family: 5. Sezon: Arayış;2/3/22
The Sinner: 1. Sezon: Cora: Kısım I;2/3/22
F is for Family: 5. Sezon: Çok Teşekkürler;1/28/22
F is for Family: 5. Sezon: Çıkmaz Sokak;1/28/22
F is for Family: 5. Sezon: Paslıköy Katliamı;1/26/22
F is for Family: 5. Sezon: Mahogany Fortress;1/25/22
The Office: 3. Sezon: Yas Danışmanlığı;1/23/22
The Office: 3. Sezon: Film Pazartesisi;1/21/22
The Office: 3. Sezon: Kongre;1/20/22
The Office: 3. Sezon: Eşcinsel Radarı;1/20/22
Modern Family: 2. Sezon: Lily'yi Kollayacak Biri;8/8/21
Modern Family: 2. Sezon: Müzik Direktörü;8/8/21
Modern Family: 2. Sezon: Erkekler Gecesi;8/8/21
Modern Family: 2. Sezon: İki Maymun ve Bir Panda;8/6/21
Modern Family: 2. Sezon: Sadece Pişmanlık;8/3/21
Modern Family: 2. Sezon: Prenses Temalı Parti;8/2/21
Orange Is the New Black: 5. Sezon: İsyanı Kaçırma Korkusu;8/2/21
Modern Family: 2. Sezon: Bixby Geri Döndü;8/1/21
Modern Family: 2. Sezon: Suçüstü;7/31/21
Modern Family: 2. Sezon: Çocuklarımız ve Biz;7/31/21
Modern Family: 2. Sezon: Yavaşlat Komşularını;7/31/21
Modern Family: 2. Sezon: İlk Dans;7/30/21
Modern Family: 2. Sezon: Cam'in Annesi;7/30/21
Modern Family: 2. Sezon: Silahlı Manny;7/30/21
Modern Family: 2. Sezon: Öten Dedektör;7/30/21
Modern Family: 2. Sezon: Cadılar Bayramı;7/30/21
Mavi Göle Dönüş;7/29/21
Mavi Göl;7/27/21
Modern Family: 2. Sezon: Teknolojisiz Yaşam;7/27/21
Modern Family: 2. Sezon: Koşu Bandındaki Yabancılar;7/26/21
Modern Family: 2. Sezon: Deprem;7/25/21
Modern Family: 2. Sezon: Öpücük;7/24/21
Enes Batur Gerçek Kahraman;7/23/21
Doğaya Karşı Mücadele: St. Bernard'ı Aramak;7/23/21
Doğaya Karşı Mücadele: Ormanda Kurtarma Operasyonu: Kısım 2;7/23/21
Doğaya Karşı Mücadele: Ormanda Kurtarma Operasyonu: Kısım 1;7/23/21
Drama Adası: Total Drama Island: Nahoş Açık Hava: Kısım 1;7/23/21
Kung Fu Panda;7/23/21
Spirit Özgürce Koşuyor: Maceraya Sen de Katıl;7/23/21
Patron Bebek: Yakala Bebeği!;7/23/21
Bird Box;7/23/21
Kemiklerine Kadar;7/22/21
Modern Family: 2. Sezon: Eski Aile Arabası;7/21/21
Modern Family: Aile Fotoğrafı;7/21/21
Modern Family: Hawaii;7/16/21
Modern Family: Havaalanı 2010;7/16/21
Modern Family: Scout ile Seyahat;7/16/21
Modern Family: Yedek Kulübesi;7/15/21
Modern Family: Oyunun Kuralları Değişti;7/15/21
Modern Family: Yıldızlı Gece;7/15/21
Modern Family: Gerçeği Söylemek Gerekirse;7/15/21
Hilda: 1. Sezon: No. 5: Trol Kayası;7/14/21
Hilda: 1. Sezon: No. 4: Serçe İzciler;7/14/21
Hilda: 1. Sezon: No. 3: Kuş Geçidi;7/14/21
Hilda: 1. Sezon: No. 2: Gece Yarısı Devi;7/14/21
Modern Family: Korkular;7/14/21
Modern Family: Benim Acayip Sevgilim;7/13/21
Hilda: 1. Sezon: No. 1: Saklı İnsanlar;7/13/21
Maymunlar Kralı Kong: 1. Sezon: Kong'u Küçülttüm;7/13/21
Maymunlar Kralı Kong: 1. Sezon: Biyonik Kolların Yarışı;7/13/21
Maymunlar Kralı Kong: 1. Sezon: Botilazilla;7/13/21
Maymunlar Kralı Kong: 1. Sezon: Richard'ın Barınağı;7/13/21
Maymunlar Kralı Kong: 1. Sezon: Büyük Fidye;7/13/21
Maymunlar Kralı Kong: 1. Sezon: Kaçak Avcıların Ödülü;7/13/21
Maymunlar Kralı Kong: 1. Sezon: 3 Boyutlu Kong;7/13/21
Maymunlar Kralı Kong: 1. Sezon: Anakonda;7/12/21
Maymunlar Kralı Kong: 1. Sezon: Macera Başlıyor;7/12/21
Modern Family: Aya İniş;7/11/21
Modern Family: %15;7/11/21
Modern Family: Evimde İstemiyorum;7/11/21
Modern Family: Uykusuz Bir Gece;7/11/21
Modern Family: Süsler Kalkıyor;7/11/21
Modern Family: Fizbo;7/11/21
Modern Family: Büyük Umutlar;7/9/21
Modern Family: Gardınızı Alın;7/9/21
Modern Family: Karısını Seven Koşsun;7/8/21
Modern Family: Kömür Avcısı;7/8/21
Modern Family: Elim Olay;7/7/21
Modern Family: Gel, Birlikte Uçuralım;7/6/21
Modern Family: Bisiklet Hırsızı;7/4/21
Modern Family: Pilot Bölüm;7/4/21
Glee: Pilot Bölüm;7/4/21
Skins: Sezon 1: Tony;7/4/21
Malèna;7/4/21
Freud: Histeri;7/4/21
Küp;7/2/21
How I Met Your Mother: 3. Sezon: Dowisetrepla;7/2/21
How I Met Your Mother: 3. Sezon: Ben O Adam Değilim;7/2/21
How I Met Your Mother: 3. Sezon: Diğer Herkesle Nasıl Tanıştım?;7/2/21
How I Met Your Mother: 2. Sezon: Eşyalar;7/2/21
How I Met Your Mother: 2. Sezon: Şanslı Çeyreklik;7/2/21
Peaky Blinders: 5. Sezon: Kara Kediler;7/1/21
The Queen's Gambit: Mini Dizi: Açılışlar;6/30/21
Élite: 2. Sezon: 36 Saattir Kayıp;6/30/21
Élite Öyküler: Omar, Ander ve Alexis: 3. Kısım;6/30/21
Élite Öyküler: Omar, Ander ve Alexis: 2. Kısım;6/30/21
Élite Öyküler: Omar, Ander ve Alexis: 1. Kısım;6/30/21
Élite: 4. Sezon: Beş Saniye;6/30/21
Harry Potter ve Azkaban Tutsağı;6/26/21
Kill Bill Volume 1;6/26/21
Pose: Pilot Bölüm;6/25/21
Élite Öyküler: Carla ve Samuel: 1. Kısım;6/24/21
Élite: 4. Sezon: Yeni Düzen;6/23/21
Brokeback Dağı;6/19/21
The Good Place: 1. Sezon: Chidi'nin Seçimi;6/18/21
Oh, Ramona!;6/15/21
Arınma Gecesi;6/4/21
Hayalet Avcıları;6/3/21
Orange Is the New Black: 4. Sezon: Yaşam ve Ölüm;6/3/21
Eighth Grade;5/31/21
Orange Is the New Black: 4. Sezon: Hayvanlar;5/27/21
Arkadaştan Öte;5/25/21
Grinin Elli Tonu;5/24/21
The Lobster;5/23/21
Orange Is the New Black: 4. Sezon: Ayın Elemanı;5/23/21
3 Türk, Bir Bebek;5/23/21
Fatma: Toz;5/21/21
Fatma: Yer Çekimi;5/19/21
Penceredeki Kadın;5/17/21
Orange Is the New Black: 4. Sezon: Film Gecesi;5/11/21
Zombieland;5/9/21
Orange Is the New Black: 4. Sezon: On Ölü Sinek;5/5/21
Orange Is the New Black: 4. Sezon: Herkesin Yardıma İhtiyacı Olur;5/1/21
Bir Rüya İçin Ağıt;4/30/21
RuPaul's Drag Race: 4. Sezon: RuPokalips!;4/29/21
Orange Is the New Black: 4. Sezon: Gamalı Haç;4/26/21
Orange Is the New Black: 4. Sezon: İsimsiz Mektuplar;4/17/21
Orange Is the New Black: 4. Sezon: Karaborsa Tampon;4/15/21
Aşk ve Küller;4/14/21
Vazgeçmem Senden;4/12/21
Orange Is the New Black: 4. Sezon: Elektroşok;4/12/21
Orange Is the New Black: 4. Sezon: Bir Şey Söyle(me);4/12/21
Orange Is the New Black: 4. Sezon: Güçlülerin Hukuku;4/7/21
Üç Adım Uzakta;4/4/21
Friends: Monica Ev Arkadaşı Ediniyor (Pilot Bölüm);4/3/21
Eğlenceli Tarih Dersleri: 1. Sezon: Hazır Yemekler;3/30/21
Orange Is the New Black: 4. Sezon: Ceset;3/29/21
MILF;3/25/21
Orange Is the New Black: 3. Sezon: Hiç Kimseye Güvenme;3/24/21
Orange Is the New Black: 3. Sezon: Beni Oraya Getirtme;3/22/21
Şikago Yedilisi'nin Yargılanması;3/20/21
Latasha İçin Bir Şarkı;3/20/21
Orange Is the New Black: 3. Sezon: Kahraman Olabiliriz;3/20/21
Orange Is the New Black: 3. Sezon: Arı Sokması;3/18/21
Orange Is the New Black: 3. Sezon: Nerede Benim Dreidel'im?;3/18/21
Orange Is the New Black: 3. Sezon: Korku ve Diğer Kokular;3/16/21
Orange Is the New Black: 3. Sezon: Sessiz;3/15/21
I Care a Lot;3/13/21
El desorden que dejas: Mini Dizi: Aslanın İninde;3/13/21
Orange Is the New Black: 3. Sezon: Chang Çin Çon;3/13/21
Orange Is the New Black: 3. Sezon: Sahte Asit;3/12/21
Orange Is the New Black: 3. Sezon: Doğru Yol;3/12/21
Orange Is the New Black: 3. Sezon: Empatinin Zararları;3/11/21
Orange Is the New Black: 3. Sezon: Tahtakuruları;3/10/21
Orange Is the New Black: 3. Sezon: Anneler Günü;3/9/21
Orange Is the New Black: 2. Sezon: Kibarlık;3/9/21
Orange Is the New Black: 2. Sezon: Menopoz;3/9/21
Orange Is the New Black: 2. Sezon: Açlık Grevi;3/8/21
Orange Is the New Black: 2. Sezon: Mendez'in Başı Dertte;3/8/21
Orange Is the New Black: 2. Sezon: Bir Yudum Özgürlük;3/7/21
Kaybedenler Kulübü;3/4/21
Malcolm ve Marie;3/4/21
Orange Is the New Black: 2. Sezon: Uygun Boyda Saksılar;3/4/21
Orange Is the New Black: 2. Sezon: Comic Sans;3/3/21
Orange Is the New Black: 2. Sezon: Pizza;3/2/21
Orange Is the New Black: 2. Sezon: Bahis;3/2/21
Orange Is the New Black: 2. Sezon: Başka Bir Delik;3/1/21
Rosemary'nin Bebeği;2/28/21
Orange Is the New Black: 2. Sezon: Sarılın Barışın;2/27/21
Orange Is the New Black: 2. Sezon: Görünüşü Mavi, Tadı Kırmızı;2/25/21
Sevdiğim Tüm Erkeklere: Şimdi ve Sonsuza Dek;2/21/21
Sevdiğim Tüm Erkeklere: Not: Seni Hâlâ Seviyorum;2/21/21
Orange Is the New Black: 2. Sezon: Hamam Böceği Avı;2/18/21
Orange Is the New Black: 1. Sezon: Deliyle Deli Olma;2/18/21
Orange Is the New Black: 1. Sezon: Acı Gerçekler;2/17/21
Orange Is the New Black: 1. Sezon: Uzun Boylu Adamın Duyguları;2/16/21
Orange Is the New Black: 1. Sezon: Bora Bora Bora;2/16/21
Orange Is the New Black: 1. Sezon: Hücrede Bir Şükran Günü;2/15/21
Orange Is the New Black: 1. Sezon: Moskovalı Katır;2/15/21
Orange Is the New Black: 1. Sezon: Donut;2/15/21
Sevdiğim Tüm Erkeklere;2/14/21
Orange Is the New Black: 1. Sezon: Konsey;2/14/21
Orange Is the New Black: 1. Sezon: Efsane Tavuk;2/14/21
Orange Is the New Black: 1. Sezon: Hayali Düşmanlar;2/13/21
Orange Is the New Black: 1. Sezon: Lezbiyenlik İsteği Reddedildi;2/13/21
Brooklyn Nine-Nine: 1. Sezon: Kırık Tüy Operasyonu;2/13/21
Headspace: Meditasyon Rehberi: Başlamak;2/12/21
The Sinner: 3. Sezon: Jamie: Kısım II;2/12/21
The Sinner: 3. Sezon: Jamie: Kısım III;2/12/21
Uyanışlar;2/7/21
6 Years;2/7/21
Brooklyn Nine-Nine: 1. Sezon: Kara Şahin;2/7/21
Brooklyn Nine-Nine: 1. Sezon: İddia;2/7/21
Brooklyn Nine-Nine: 1. Sezon: Pontiac Haydudu;2/7/21
The Sinner: 3. Sezon: Jamie: Kısım I;2/7/21
The Sinner: 2. Sezon: Julian: Kısım VIII;2/6/21
The Sinner: 2. Sezon: Julian: Kısım VII;2/6/21
Baba;2/5/21
The Sinner: 2. Sezon: Julian: Kısım VI;2/5/21
The Sinner: 2. Sezon: Julian: Kısım V;2/5/21
The Sinner: 2. Sezon: Julian: Kısım IV;2/4/21
The Sinner: 2. Sezon: Julian: Kısım III;2/4/21
The Sinner: 2. Sezon: Julian: Kısım II;2/4/21
The Sinner: 2. Sezon: Julian: Kısım I;2/3/21
The Sinner: 1. Sezon: Cora: Kısım VIII;2/1/21
The Sinner: 1. Sezon: Cora: Kısım VII;2/1/21
The Sinner: 1. Sezon: Cora: Kısım VI;2/1/21
Brooklyn Nine-Nine: 1. Sezon: Noel;1/31/21
Brooklyn Nine-Nine: 1. Sezon: Şükran Günü;1/31/21
The Sinner: 1. Sezon: Cora: Kısım V;1/31/21
The Sinner: 1. Sezon: Cora: Kısım IV;1/31/21
The Sinner: 1. Sezon: Cora: Kısım II;1/30/21
The Sinner: 1. Sezon: Cora: Kısım III;1/30/21
Brooklyn Nine-Nine: 1. Sezon: Sal'ın Pizzası;1/29/21
Brooklyn Nine-Nine: 1. Sezon: Eski Usul;1/28/21
Brooklyn Nine-Nine: 1. Sezon: 48 Saat;1/28/21
Brooklyn Nine-Nine: 1. Sezon: Cadılar Bayramı;1/28/21
Parçalanmış;1/26/21
Biz;1/26/21
Haunted: 2. Sezon: İşkence Tarikatı;1/25/21
Haunted: 2. Sezon: Taklitçi;1/25/21
Brooklyn Nine-Nine: 1. Sezon: Akbaba;1/24/21
Brooklyn Nine-Nine: 1. Sezon: Otopsi Zamanı;1/24/21
Brooklyn Nine-Nine: 1. Sezon: Düşüş;1/24/21
Brooklyn Nine-Nine: 1. Sezon: Spreyci;1/24/21
Brooklyn Nine-Nine: 1. Sezon: Pilot Bölüm;1/24/21
Tiny Pretty Things: Uyanmak Yetmez, Kalkmak Lazım;1/24/21
Tiny Pretty Things: Rölöve;1/23/21
Tiny Pretty Things: Yakala ve Bırak;1/22/21
Tiny Pretty Things: Yaşama Sevinci;1/22/21
Tiny Pretty Things: Bölünme;1/21/21
Tiny Pretty Things: Başkaldırı;1/21/21
Tiny Pretty Things: Gösteri;1/20/21
Tiny Pretty Things: Esneklik;1/20/21
Temel İçgüdü;1/17/21
Tiny Pretty Things: Beden;1/9/21
Gizli Dünya;1/4/21
Her Şeyi Bitirmeyi Düşünüyorum;12/27/20
Mulholland Çıkmazı;12/20/20
Aşk ve Gurur;12/11/20
Hayallerin Peşinde;12/11/20
Aşk 101: 1. Sezon: Değişim;12/6/20
Élite: 3. Sezon: Carla;12/6/20
Élite: 3. Sezon: Samuel ve Guzmán;12/6/20
Élite: 3. Sezon: Lu;12/6/20
Élite: 1. Sezon: Aşk Bir Uyuşturucudur;12/6/20
Otomatik Portakal;12/5/20
: 3. Bölüm;11/28/20
: 2. Bölüm;11/28/20
: 1. Bölüm;11/27/20
Yaşamın Kıyısında;11/26/20
The Good Place: 4. Sezon: Hazır Olduğunda;11/26/20
The Good Place: 4. Sezon: Patty;11/26/20
The Good Place: 4. Sezon: Ah Şu Pazartesiler Yok mu!;11/25/20
The Good Place: 4. Sezon: Sen Değiştin Dostum;11/25/20
The Good Place: 4. Sezon: Cevap;11/25/20
The Good Place: 4. Sezon: Cenazelerin En Kralı;11/25/20
The Good Place: 4. Sezon: Yardım Başkalarından Gelir;11/25/20
The Good Place: 4. Sezon: Bir Chip Driver Polisiyesi;11/25/20
The Good Place: 4. Sezon: Bearimy'nin Çalışanı;11/25/20
If Anything Happens I Love You;11/23/20
Bir Başkadır: 8. Bölüm;11/22/20
Tales of the City (1993): 6. Bölüm;11/22/20
Bir Başkadır: 7. Bölüm;11/21/20
Bir Başkadır: 6. Bölüm;11/21/20
Bir Başkadır: 5. Bölüm;11/21/20
Bir Başkadır: 4. Bölüm;11/21/20
Bir Başkadır: 3. Bölüm;11/21/20
Bir Başkadır: 2. Bölüm;11/20/20
Bir Başkadır: 1. Bölüm;11/20/20
Aşk 101: 1. Sezon: Özlem;11/18/20
Aşk 101: 1. Sezon: Şefkat;11/18/20
Aşk 101: 1. Sezon: Eğlence;11/18/20
Aşk 101: 1. Sezon: Tutku;11/17/20
Beni Adınla Çağır;11/17/20
Tales of the City (1993): 5. Bölüm;11/17/20
Tales of the City (1993): 4. Bölüm;11/15/20
Tales of the City (1993): 3. Bölüm;11/15/20
Tales of the City (1993): 2. Bölüm;11/15/20
Tales of the City (1993): 1. Bölüm;11/14/20
Can You Hear Me?: 1. Sezon: Yer Sallansa Bile;11/13/20
Aşk 101: 1. Sezon: Hayranlık;11/13/20
Aşk 101: 1. Sezon: İlk An;11/13/20
Can You Hear Me?: 1. Sezon: Fakir Kızlar;11/13/20
F is for Family: 4. Sezon: Bebek, Bebek, Bebek;11/11/20
F is for Family: 4. Sezon: Cleveland Gezisi;11/11/20
F is for Family: 4. Sezon: Murphy ve Oğlu;11/11/20
F is for Family: 4. Sezon: Rosie'nin R'si;11/11/20
F is for Family: 4. Sezon: Babaya Gel;11/10/20
F is for Family: 4. Sezon: Sadece Nefes Al;11/10/20
F is for Family: 4. Sezon: B'li Kelime;11/10/20
Peaky Blinders: 5. Sezon: Kara Salı;11/10/20
F is for Family: 4. Sezon: Bana Diş Getirin;11/10/20
F is for Family: 4. Sezon: Hiçbir Şey İmkânsız Değildir;11/9/20
F is for Family: 4. Sezon: Günah Çıkarma;11/9/20
F is for Family: 3. Sezon: Bill Murphy'nin Serbest Gecesi;11/9/20
F is for Family: 3. Sezon: Baba Frank;11/8/20
F is for Family: 3. Sezon: Onun Kanında;11/8/20
F is for Family: 3. Sezon: Yaz Tatili;11/7/20
F is for Family: 3. Sezon: Kokteyl Sarhoşluğu;11/6/20
F is for Family: 3. Sezon: Kadın-Erkek Savaşı;11/6/20
F is for Family: 3. Sezon: Bay Murphy'nin Çılgın Gezintisi;11/6/20
F is for Family: 3. Sezon: Füze;11/5/20
F is for Family: 3. Sezon: Paul Lynde Engelleyecek;11/5/20
Whose Vote Counts, Explained: ABD Seçimleri: Mini Dizi: Oy Kullanma Hakkı;11/4/20
F is for Family: 3. Sezon: Yaz İçin Hazır mısınız?;11/4/20
F is for Family: 2. Sezon: Uçağı İndirmek;11/4/20
Élite: 1. Sezon: Her Şey Altüst Olur;11/3/20
Élite: 1. Sezon: Her Şey Yoluna Girecek;11/3/20
Élite: 3. Sezon: Nadia ve Omar;11/3/20
Élite: 3. Sezon: Rebeka;11/3/20
Élite: 3. Sezon: Ander;11/3/20
Marriage Story;11/3/20
F is for Family: 2. Sezon: Dua Et, Kurtul;11/3/20
F is for Family: 2. Sezon: Her Şey Hallolur mu?;11/3/20
F is for Family: 2. Sezon: Kavga Gecesi;11/2/20
F is for Family: 2. Sezon: Bu Hiç İyi Değil;11/2/20
F is for Family: 2. Sezon: Kötü Bill;11/1/20
F is for Family: 2. Sezon: Gece Vardiyası;10/31/20
F is for Family: 2. Sezon: Yalancılar Kulübü;10/29/20
F is for Family: 2. Sezon: Sue Adında Bir Kız;10/29/20
F is for Family: 2. Sezon: Beni Kızaklamayın;10/29/20
Nadiya’s Time to Eat: Acelesi Olanlara Şipşak Tarifler;10/26/20
Eğlenceli Tarih Dersleri: 1. Sezon: Nükleer Enerji;10/24/20
F is for Family: 1. Sezon: Ne Gece Ama;10/23/20
F is for Family: 1. Sezon: Bill Murphy'nin İzin Günü;10/22/20
How I Met Your Mother: 8. Sezon: 12 Azgın Kadın;10/22/20
F is for Family: 1. Sezon: Cadılar Bayramı;10/21/20
Eğlenceli Tarih Dersleri: 1. Sezon: Feminizm;10/21/20
Eğlenceli Tarih Dersleri: 1. Sezon: Robotlar;10/20/20
Explained: 1. Sezon: Müzik;10/20/20
Eğlenceli Tarih Dersleri: 1. Sezon: Orta Doğu Petrolü;10/20/20
F is for Family: 1. Sezon: Aile Saadeti;10/20/20
Eğlenceli Tarih Dersleri: 1. Sezon: Plastikler;10/20/20
Eğlenceli Tarih Dersleri: 1. Sezon: Çin'in Yükselişi;10/17/20
Eğlenceli Tarih Dersleri: 1. Sezon: Uzay Yarışı;10/17/20
You: 2. Sezon: İyi, Kötü ve Hendy;10/15/20
You: 1. Sezon: Seninim Bebeğim;10/15/20
You: 1. Sezon: Her Şeylik;10/15/20
You: 1. Sezon: Düşmanınla Yaşamak;10/15/20
Élite: 3. Sezon: Cayetana ve Valerio;10/15/20
The Good Place: 4. Sezon: Arizonalı Bir Kız - Bölüm 2;10/15/20
The Good Place: 4. Sezon: Arizonalı Bir Kız - Bölüm 1;10/15/20
The Haunting: Bly Malikânesi: Öğrenci;10/11/20
The Haunting: Bly Malikânesi: Büyük ve İyi Bir Yer;10/11/20
Criminal: Almanya: Mini Dizi: Jochen;9/25/20
Şrek Üç;8/27/20
F is for Family: 1. Sezon: Belalı Cumartesi;8/19/20
RuPaul's Drag Race: Kelepir Drag;8/19/20
Charlie’nin Çikolata Fabrikası;8/12/20
Keeping Up with the Kardashians: 1. Sezon: Anadan Doğma;8/12/20
Kalifat: 8. Bölüm;8/12/20
Kalifat: 7. Bölüm;8/12/20
Kalifat: 6. Bölüm;8/11/20
Kalifat: 5. Bölüm;8/11/20
Kalifat: 4. Bölüm;8/11/20
Kalifat: 3. Bölüm;8/11/20
Kalifat: 2. Bölüm;8/11/20
Kalifat: 1. Bölüm;8/10/20
F is for Family: 1. Sezon: Kanayan İsveçli;8/7/20
Community: Devlet Koleji;8/6/20
Jeffrey Epstein: Korkunç Zengin: Mini Dizi: Seslerini Duyuranlar;8/3/20
Jeffrey Epstein: Korkunç Zengin: Mini Dizi: Ada;8/3/20
Jeffrey Epstein: Korkunç Zengin: Mini Dizi: Parayı Takip Et;8/2/20
Dünyanın En Zorlu Hapishaneleri: 1. Sezon: Polonya;8/2/20
Dünyanın En Zorlu Hapishaneleri: 3. Sezon: Kosta Rika: Gergin Hapishane;8/2/20
Jeffrey Epstein: Korkunç Zengin: Mini Dizi: Av Sahası;8/1/20
That '70s Show: Çalıntı Araba;7/31/20
That '70s Show: Kayak Gezisi;7/31/20
That '70s Show: Gelmiş Geçmiş En İyi Noel;7/31/20
Dünyanın En Zorlu Hapishaneleri: 3. Sezon: Romanya: Çingene Hapishanesi;7/27/20
Dünyanın En Zorlu Hapishaneleri: 3. Sezon: Kolombiya: Uyuşturucu Kaçakçıları Hapishanesi;7/24/20
That '70s Show: Eric'in Kankası;7/22/20
Özgürlük Yolu;7/21/20
That '70s Show: Kanlı Pazar;7/20/20
That '70s Show: Şükran Günü;7/19/20
That '70s Show: Açık Hava Sineması;7/19/20
That '70s Show: Disko Bölümü;7/16/20
Dark: 2. Sezon: Karanlık Madde;7/10/20
That '70s Show: Fıçı;7/9/20
That '70s Show: Eric Hamburgercide Çalışıyor;7/9/20
That '70s Show: Seksistlerin Savaşı;7/5/20
That '70s Show: Çıplak Protesto;7/5/20
Fantastik Canavarlar Nelerdir, Nerede Bulunurlar?;7/4/20
Sherlock: Kör Bankacı;7/4/20
Sherlock: Pembe Üzerine Bir Çalışma;7/4/20
That '70s Show: Eric'in Doğum Günü;7/1/20
That '70s Show: Pilot Bölüm;7/1/20
How I Met Your Mother: 8. Sezon: Evlilik Sözleşmesi;6/15/20
How I Met Your Mother: 5. Sezon: Zor Dönem;6/9/20
How I Met Your Mother: 5. Sezon: Pencere;6/9/20
The End of the F***ing World: 2. Sezon: 3. Bölüm;6/8/20
Keeping Up with the Kardashians: 1. Sezon: Brody Eve Geliyor;6/3/20
Keeping Up with the Kardashians: 1. Sezon: Anneyi İdare Etmek;6/3/20
How I Met Your Mother: 2. Sezon: Tokat İddiası;6/3/20
How I Met Your Mother: 2. Sezon: Swarley;6/3/20
Keeping Up with the Kardashians: 1. Sezon: Gözüm Üstünde;6/2/20
Ucuz Roman;5/21/20
Valeria: 1. Sezon: Bahçem Kurudu;5/20/20
Alvin ve Sincaplar: Yol Macerası;5/19/20
Çılgın Hırsız;5/19/20
Valeria: 1. Sezon: Bay Champi;5/17/20
Valeria: 1. Sezon: Çöplük;5/17/20
Valeria: 1. Sezon: Alaska;5/16/20
Valeria: 1. Sezon: İşaretler;5/16/20
Valeria: 1. Sezon: Taklitçi;5/16/20
Uğur Böceği;5/16/20
Not Defteri;5/12/20
Arif V 216;5/12/20
Alias Grace: Mini Dizi: 1. Kısım;5/11/20
Extremely Wicked, Shockingly Evil and Vile;5/11/20
When They See Us: Mini Dizi: Kısım 4;5/10/20
When They See Us: Mini Dizi: Kısım 3;5/10/20
When They See Us: Mini Dizi: Kısım 2;5/9/20
When They See Us: Mini Dizi: Kısım 1;5/8/20
After Life: 2. Sezon: 3. Bölüm;5/8/20
Unbelievable: Mini Dizi: 1. Bölüm;5/8/20
Unbelievable: Mini Dizi: 8. Bölüm;5/7/20
Unbelievable: Mini Dizi: 7. Bölüm;5/7/20
Unbelievable: Mini Dizi: 6. Bölüm;5/7/20
Unbelievable: Mini Dizi: 5. Bölüm;5/7/20
After Life: 2. Sezon: 2. Bölüm;5/7/20
Unbelievable: Mini Dizi: 4. Bölüm;5/7/20
Unbelievable: Mini Dizi: 3. Bölüm;5/6/20
Unbelievable: Mini Dizi: 2. Bölüm;5/6/20
After Life: 2. Sezon: 1. Bölüm;5/4/20
After Life: 1. Sezon: 6. Bölüm;5/4/20
After Life: 1. Sezon: 5. Bölüm;5/3/20
After Life: 1. Sezon: 4. Bölüm;5/1/20
100 Humans: Bizi Çekici Kılan Nedir?;4/29/20
After Life: 1. Sezon: 3. Bölüm;4/29/20
After Life: 1. Sezon: 2. Bölüm;4/26/20
After Life: 1. Sezon: 1. Bölüm;4/26/20
How I Met Your Mother: 4. Sezon: Mosbius Tasarım;4/26/20
The Mind, Explained: 1. Sezon: Anksiyete;4/26/20
Prison Break: 1. Sezon: Pilot Bölüm;4/25/20
Too Hot to Handle: 1. Sezon: Aşk, Seks ya da Para;4/22/20
How I Met Your Mother: 7. Sezon: Stinson Füze Krizi;4/22/20
Big Mouth: 1. Sezon: Ben Gey miyim?;4/17/20
The Mind, Explained: 1. Sezon: Rüyalar;4/16/20
The Mind, Explained: 1. Sezon: Hafıza;4/16/20
Big Mouth: 1. Sezon: Herkes Kanar;4/16/20
Big Mouth: 1. Sezon: Boşalmak;4/16/20
Sex, Explained: Mini Dizi: Cazibe;4/14/20
Sex, Explained: Mini Dizi: Cinsel Fanteziler;4/14/20
Dügün Dernek 2: Sünnet;4/14/20
How I Met Your Mother: 7. Sezon: Telafi Kızı;4/14/20
How I Met Your Mother: 9. Sezon: Platonik;4/13/20
How I Met Your Mother: 6. Sezon: Canım Ya;4/13/20
How I Met Your Mother: 4. Sezon: Karlı Üç Gün;4/13/20
How I Met Your Mother: 4. Sezon: Seni Tanıyor muyum?;4/13/20
How I Met Your Mother: 8. Sezon: Ayrılık Mevsimi;4/11/20
Toy Boy: 1. Sezon: Maskeli Balo;4/9/20
Élite: 3. Sezon: Polo;4/9/20
Élite: 2. Sezon: 66 Saattir Kayıp;4/4/20
Élite: 2. Sezon: 63 Saattir Kayıp;4/4/20
The Good Place: 3. Sezon: Pandemonium;4/4/20
The Good Place: 3. Sezon: Chidi Zaman Bıçağı'nı Görür;4/4/20
The Good Place: 3. Sezon: Milyonlarca Doug;4/4/20
The Good Place: 3. Sezon: Janet(lar);4/4/20
The Good Place: 3. Sezon: İyi Hayat Elinizden Kayıp Gitmesin;4/4/20
The Good Place: 3. Sezon: Özgür İradenin En Kötü Kullanım Şekli;4/4/20
The Good Place: 3. Sezon: Çatlamış Bir Miras;4/1/20
The Good Place: 3. Sezon: Donkey Doug'ın Baladı;4/1/20
The Good Place: 3. Sezon: Kar Küreyici;4/1/20
The Good Place: 3. Sezon: Akıllılar Çetesi;4/1/20
The Good Place: 3. Sezon: İşler Tıkırında, Kısım 1 ve 2;3/30/20
The Good Place: 2. Sezon: Başka Bir Yer;3/30/20
The Good Place: 2. Sezon: Dürüm;3/30/20
The Good Place: 2. Sezon: Rhonda, Diana, Jake ve Trent;3/30/20
The Good Place: 2. Sezon: En İyi Hâlim;3/29/20
The Good Place: 2. Sezon: İnanca Adım Atma;3/29/20
The Good Place: 2. Sezon: Derek;3/29/20
Toy Boy: 1. Sezon: Tünelin Sonu;3/29/20
Toy Boy: 1. Sezon: Katilin Nabzı;3/28/20
I Am Not Okay With This: Stan Yanımda;3/28/20
The Good Place: 2. Sezon: Janet ve Michael;3/28/20
The Good Place: 2. Sezon: Tramvay Problemi;3/28/20
How I Met Your Mother: 7. Sezon: Alan Gezisi;3/27/20
The Good Place: 2. Sezon: Varoluşsal Kriz;3/27/20
How I Met Your Mother: 6. Sezon: Deniz Kızı Teorisi;3/25/20
How I Met Your Mother: 4. Sezon: Woooo!;3/25/20
How I Met Your Mother: 4. Sezon: Müdahale;3/25/20
Toy Boy: 1. Sezon: Başa Dönmek;3/24/20
Toy Boy: 1. Sezon: Son Hüküm;3/24/20
Toy Boy: 1. Sezon: Ölülerin Arasında;3/23/20
Toy Boy: 1. Sezon: Pilot Bölüm;3/23/20
Élite: 1. Sezon: Herkes Yalan Söyler;3/23/20
Amar;3/21/20
Élite: 1. Sezon: Cumartesi Gecesi;3/20/20
Élite: 1. Sezon: Arzu;3/20/20
Élite: 1. Sezon: Hoş Geldiniz;3/20/20
La casa de papel: 1. Kısım: 1. Bölüm;3/19/20
How I Met Your Mother: 5. Sezon: Kızlar mı Takımlar mı?;3/18/20
Élite: 2. Sezon: 34 Saattir Kayıp;3/17/20
Élite: 2. Sezon: 20 Saattir Kayıp;3/17/20
Élite: 2. Sezon: 0 Saattir Kayıp;3/15/20
Élite: 2. Sezon: 84 Saattir Kayıp;3/15/20
How I Met Your Mother: 2. Sezon: Kaç Para?;3/15/20
How I Met Your Mother: 7. Sezon: Tik Tak;3/10/20
I Am Not Okay With This: Partinin Sonu;3/7/20
I Am Not Okay With This: İlk Sefer;3/7/20
I Am Not Okay With This: Sevgili Günlük...;3/7/20
Mucize: Uğur Böceği ile Kara Kedi: 1. Sezon: The Bubbler;2/15/20
Barbie Dreamhouse Adventures: 1. Sezon: Rüya Evi'ne Hoş Geldiniz!;2/15/20
Barbie Dolphin Magic;2/14/20
Umudunu Kaybetme;1/31/20
Esaretin Bedeli;1/30/20
Yeşil Yol;1/30/20
The Good Place: 1. Sezon: ...Benim Gibi Birini Üye Olarak;1/28/20
The Good Place: 1. Sezon: En Çok Gelişim Gösteren Oyuncu;1/28/20
The Good Place: 1. Sezon: Sonsuz Istırap;1/28/20
The Good Place: 1. Sezon: Birbirimize Ne Borçluyuz?;1/28/20
The Good Place: 1. Sezon: Kategori 55 Acil Kıyamet Krizi;1/28/20
The Good Place: 1. Sezon: Her Şey Yolunda;1/22/20
How I Met Your Mother: Unutulmaz Balo;1/22/20
Atiye: 1. Sezon: 2. Bölüm;1/20/20
Spinning Out: İyi Günler!;1/20/20
Spinning Out: İkisi 40$;1/20/20
Spinning Out: Pinecrest'i Vahşi Tutun;1/19/20
Spinning Out: Dikkatli Olun;1/19/20
Spinning Out: Aileye Hoş Geldin;1/19/20
Spinning Out: Sun Valley'ye Giriyorsunuz;1/19/20
How I Met Your Mother: 8. Sezon: Ayrılık Şehri;1/17/20
How I Met Your Mother: 8. Sezon: Kim Vaftiz Ebeveyni Olmak İster?;1/17/20
Atiye: 1. Sezon: 1. Bölüm;1/16/20
Sil Baştan;1/13/20
Atypical: 1. Sezon: Dişi Bir İnsan;1/11/20
Atypical: 1. Sezon: Antarktika;1/11/20
Özgürlüğün Elli Tonu;1/4/20
You: 2. Sezon: Love, Her Yerde;1/4/20
You: 2. Sezon: Özel Dedektif Joe;1/3/20
You: 2. Sezon: Beverly Hills'te Korku ve Nefret;1/3/20
You: 2. Sezon: Yok-oluşsal Kriz;12/30/19
You: 2. Sezon: Elveda Tavşancığım;12/29/19
The End of the F***ing World: 2. Sezon: 8. Bölüm;12/28/19
The End of the F***ing World: 2. Sezon: 7. Bölüm;12/28/19
You: 2. Sezon: Arkadaşlar Ne İçindir?;12/28/19
You: 2. Sezon: Sadece Ucundan;12/28/19
You: 2. Sezon: Yeni Bir Başlangıç;12/28/19
The End of the F***ing World: 2. Sezon: 6. Bölüm;12/26/19
The End of the F***ing World: 2. Sezon: 5. Bölüm;12/26/19
The End of the F***ing World: 2. Sezon: 4. Bölüm;12/26/19
The End of the F***ing World: 2. Sezon: 2. Bölüm;12/23/19
Bir Konuşabilse...;12/16/19
The King;12/16/19
How I Met Your Mother: 8. Sezon: Not: Seni Seviyorum;11/25/19
How I Met Your Mother: İlkler;11/25/19
How I Met Your Mother: 8. Sezon: Kötü Bir Delilik;11/23/19
How I Met Your Mother: 2. Sezon: Mimar Ted Mosby;11/23/19
Naomi and Ely's No Kiss List;11/23/19
How I Met Your Mother: 5. Sezon: Sekssiz Hancı;11/22/19
How I Met Your Mother: 5. Sezon: Jenkins;11/22/19
How I Met Your Mother: 6. Sezon: Bebek Muhabbeti;11/22/19
How I Met Your Mother: 5. Sezon: Robin'e Giriş Dersi;11/21/19
How I Met Your Mother: Pilot Bölüm;11/21/19
Aşk Baharı Beklemez;11/20/19
Unutulmaz Aşk;11/19/19
İkimizin Yerine;11/19/19
Meet Joe Black;11/19/19
Diktatör;11/19/19
Sosyal Ağ;11/18/19
Delibal;11/18/19
İlk Aşk İlk Dans;11/17/19
How I Met Your Mother: 4. Sezon: Sonsuza Dek Mutlu;11/7/19
Black Mirror: 1. Sezon: On Beş Milyon Hak;11/2/19
Black Mirror: 1. Sezon: Milli Marş;11/2/19
Silsile;10/27/19
How I Met Your Mother: 4. Sezon: New York'un En İyi Hamburgeri;10/27/19
How I Met Your Mother: 5. Sezon: Gayda;10/23/19
How I Met Your Mother: 5. Sezon: Vatandaşlık Düellosu;10/23/19
How I Met Your Mother: 2. Sezon: Akrep ve Kurbağa;10/12/19
How I Met Your Mother: 2. Sezon: Nerede Kalmıştık?;10/12/19
Peaky Blinders: 3. Sezon: 1. Bölüm;10/11/19
Peaky Blinders: 3. Sezon: 5. Bölüm;10/11/19
How I Met Your Mother: Hadisene!;10/11/19
The Haunting: Tepedeki Ev: The Haunting of Hill House: Sessizlik;10/11/19
Barbie Life in the Dreamhouse: En İyiler - Rüya Evi;10/6/19
Barbie Life in the Dreamhouse: Mükemmel Havuz Partisi ve Rüya Evi Esirleri;10/5/19
The Haunting: Tepedeki Ev: The Haunting of Hill House: Çığlıkla Uyandıranlar;10/4/19
The Haunting: Tepedeki Ev: The Haunting of Hill House: Belirtici İşaretler;10/4/19
The Haunting: Tepedeki Ev: The Haunting of Hill House: Anma;10/4/19
Sünger Bob Kare Pantolon: 1. Sezon: Köpük Tezgâhı / Yırtık Şort;9/29/19
Cebimdeki Yabancı;9/28/19
The Haunting: Tepedeki Ev: The Haunting of Hill House: İki Fırtına;9/28/19
The Haunting: Tepedeki Ev: The Haunting of Hill House: Steven Bir Hayalet Görür;9/28/19
The Haunting: Tepedeki Ev: The Haunting of Hill House: Dokunuş;9/28/19
The Haunting: Tepedeki Ev: The Haunting of Hill House: Eğri Boyunlu Kadın;9/28/19
The Haunting: Tepedeki Ev: The Haunting of Hill House: İkizlere Özgü Bir Şey;9/21/19
The Haunting: Tepedeki Ev: The Haunting of Hill House: Açık Tabut;9/21/19
Uyumsuz Serisi: Yandaş Bölüm 1;9/14/19
Sünger Bob Kare Pantolon: 1. Sezon: Eleman Aranıyor / Resif Çöpleri / Ağaç Kubbesinde Çay;9/10/19
SIR;9/7/19
Ölümcül Oyuncaklar: Kemikler Şehri;9/5/19
Açlık Oyunları: Ateşi Yakalamak;9/4/19
Falling Inn Love;9/3/19
How I Met Your Mother: 4. Sezon: Atlayış;9/3/19
How I Met Your Mother: 5. Sezon: Tanımlamalar;9/3/19
Açlık Oyunları;9/3/19
Peaky Blinders: 4. Sezon: Halat;9/2/19
Peaky Blinders: 3. Sezon: 6. Bölüm;9/2/19
Peaky Blinders: 3. Sezon: 4. Bölüm;9/2/19
Peaky Blinders: 3. Sezon: 3. Bölüm;9/1/19
Peaky Blinders: 2. Sezon: 6. Bölüm;8/31/19
Peaky Blinders: 3. Sezon: 2. Bölüm;8/31/19
Açlık Oyunları: Alaycı Kuş Bölüm 1;8/28/19
Peaky Blinders: 2. Sezon: 5. Bölüm;8/26/19
How I Met Your Mother: 7. Sezon: Atlatılan Felaket;8/26/19
Peaky Blinders: 2. Sezon: 4. Bölüm;8/24/19
Peaky Blinders: 2. Sezon: 3. Bölüm;8/20/19
Peaky Blinders: 2. Sezon: 2. Bölüm;8/19/19
Peaky Blinders: 2. Sezon: 1. Bölüm;8/19/19
Peaky Blinders: 1. Sezon: 6. Bölüm;8/19/19
Peaky Blinders: 1. Sezon: 4. Bölüm;8/18/19
Peaky Blinders: 1. Sezon: 5. Bölüm;8/17/19
Peaky Blinders: 1. Sezon: 3. Bölüm;8/12/19
You Me Her: Sigara, Soğan Cipsi ve Her Şey Karışık;8/7/19
Perfume: Amber;8/7/19
Perfume: Üçüncü Madde;8/7/19
Perfume: Sentez;8/6/19
Perfume: Skatol;8/6/19
How I Met Your Mother: 9. Sezon: Sonsuza Kadar: Kısım 2;8/6/19
How I Met Your Mother: 9. Sezon: Sonsuza Kadar: Kısım 1;8/6/19
Peaky Blinders: 1. Sezon: 2. Bölüm;8/6/19
Peaky Blinders: 1. Sezon: 1. Bölüm;8/5/19
How I Met Your Mother: 8. Sezon: Son Sayfa: Kısım 2;8/5/19
Stranger Things: 3. Bölüm: Mutlu Noeller;8/4/19
How I Met Your Mother: 7. Sezon: 46 Dakika;8/3/19
How I Met Your Mother: 3. Sezon: Mucizeler;8/3/19
How I Met Your Mother: 9. Sezon: Mihrap;8/3/19
How I Met Your Mother: 9. Sezon: Gary Blauman;8/2/19
How I Met Your Mother: 9. Sezon: Papatya;8/2/19
How I Met Your Mother: 9. Sezon: Anneniz Benimle Nasıl Tanıştı?;8/2/19
How I Met Your Mother: 9. Sezon: Toparlanmak;8/2/19
How I Met Your Mother: 9. Sezon: Vezüv;8/2/19
How I Met Your Mother: 9. Sezon: Gün Doğumu;8/2/19
How I Met Your Mother: 9. Sezon: Başlat;8/2/19
How I Met Your Mother: 9. Sezon: Tokat Günü 3;8/2/19
How I Met Your Mother: 9. Sezon: Prova Yemeği;8/2/19
How I Met Your Mother: 9. Sezon: Basçı Aranıyor;8/1/19
How I Met Your Mother: 9. Sezon: Uyku Masalları;8/1/19
How I Met Your Mother: 9. Sezon: Anne ve Baba;7/31/19
How I Met Your Mother: 9. Sezon: Deniz Feneri;7/30/19
How I Met Your Mother: 9. Sezon: Soru Sormak Yok;7/30/19
How I Met Your Mother: 9. Sezon: Şövalye Görüşü;7/29/19
How I Met Your Mother: 8. Sezon: Kanka Mitzvahı;7/20/19
How I Met Your Mother: 8. Sezon: Yeni Bir Şey;7/20/19
How I Met Your Mother: 8. Sezon: Eski Bir Şey;7/20/19
How I Met Your Mother: 8. Sezon: Zaman Yolcuları;7/16/19
How I Met Your Mother: 8. Sezon: Kale;7/15/19
How I Met Your Mother: 8. Sezon: Barney'de Hafta Sonu;7/15/19
How I Met Your Mother: 8. Sezon: Küllük;7/15/19
How I Met Your Mother: 8. Sezon: Yüzüğün Gücü;7/13/19
How I Met Your Mother: 8. Sezon: Grup mu DJ mi?;7/13/19
How I Met Your Mother: 8. Sezon: Son Sayfa: Kısım 1;7/13/19
How I Met Your Mother: 8. Sezon: Abartılı Telafi;7/12/19
How I Met Your Mother: 8. Sezon: Istakoz Emeklemesi;7/12/19
How I Met Your Mother: 8. Sezon: Damga Sürtüğü;7/10/19
How I Met Your Mother: 8. Sezon: Dadılar;7/8/19
How I Met Your Mother: 8. Sezon: Farhampton;7/8/19
How I Met Your Mother: 7. Sezon: Sihirbazın Kuralı: Kısım 2;7/8/19
How I Met Your Mother: 7. Sezon: Sihirbazın Kuralı: Kısım 1;7/8/19
How I Met Your Mother: 7. Sezon: Triloji Zamanı;7/8/19
How I Met Your Mother: 7. Sezon: Kanka Andı;7/7/19
How I Met Your Mother: 7. Sezon: Karma;7/7/19
How I Met Your Mother: 7. Sezon: Baskı Yok;7/7/19
How I Met Your Mother: 7. Sezon: Sarhoş Treni;7/7/19
How I Met Your Mother: 7. Sezon: Yanan Arıcı;7/7/19
How I Met Your Mother: 5. Sezon: Görsel İkizler;7/7/19
How I Met Your Mother: 7. Sezon: Piknik;7/7/19
How I Met Your Mother: 7. Sezon: Aydınlatma Senfonisi;7/7/19
How I Met Your Mother: 7. Sezon: Kaşar Bal Kabağı Dönüyor;7/6/19
How I Met Your Mother: 7. Sezon: Noretta;7/6/19
How I Met Your Mother: 7. Sezon: Gizem Geçmişe Karşı;7/6/19
How I Met Your Mother: 7. Sezon: Çıplak Gerçek;7/5/19
How I Met Your Mother: 6. Sezon: Meydan Okumanı Kabul Ediyorum;7/4/19
How I Met Your Mother: 6. Sezon: Kusursuz Kokteyl;7/3/19
How I Met Your Mother: 6. Sezon: Umutsuz;7/2/19
How I Met Your Mother: 6. Sezon: Patlayan Köfteli Sandviç;7/2/19
How I Met Your Mother: 6. Sezon: Efsane Baba;7/2/19
Sons of Anarchy: AK-51;6/30/19
Sons of Anarchy: Bağış Toplantısı;6/30/19
How I Met Your Mother: 6. Sezon: Kalbinin Sesi;6/29/19
Sons of Anarchy: Kemik Kalıntıları;6/29/19
How I Met Your Mother: 6. Sezon: Çöp Adası;6/29/19
How I Met Your Mother: 6. Sezon: Umutsuzluk Günü;6/29/19
How I Met Your Mother: 6. Sezon: Son Sözler;6/28/19
How I Met Your Mother: 6. Sezon: Kötü Haber;6/28/19
How I Met Your Mother: 6. Sezon: Yanlış Pozitif;6/28/19
How I Met Your Mother: 6. Sezon: Blitz Laneti;6/28/19
How I Met Your Mother: 6. Sezon: Glitter;6/28/19
How I Met Your Mother: 6. Sezon: Doğa Tarihi;6/28/19
How I Met Your Mother: 6. Sezon: Randy'yi Kovmak;6/28/19
Dark: 2. Sezon: Başlangıçlar ve Bitişler;6/27/19
How I Met Your Mother: 6. Sezon: Yıkımın Mimarı;6/27/19
How I Met Your Mother: 6. Sezon: Metro Savaşları;6/27/19
Sons of Anarchy: Birleşme;6/27/19
How I Met Your Mother: 6. Sezon: Yarım Kalmış;6/26/19
Sons of Anarchy: Fun Town;6/26/19
How I Met Your Mother: 6. Sezon: Ev Toplamak;6/26/19
How I Met Your Mother: 6. Sezon: Önemli Günler;6/25/19
Sons of Anarchy: Ekilen Tohumlar;6/25/19
Sons of Anarchy: Pilot Bölüm;6/24/19
Dark: 1. Sezon: Yalanlar;6/24/19
How I Met Your Mother: 5. Sezon: Düğün Gelini;6/22/19
How I Met Your Mother: 5. Sezon: Robotlar Güreşçilere Karşı;6/22/19
How I Met Your Mother: 5. Sezon: Tekli Yataklar;6/22/19
How I Met Your Mother: 5. Sezon: Ev Yıkıcılar;6/22/19
How I Met Your Mother: 5. Sezon: Doğru mu Yanlış mı?;6/22/19
How I Met Your Mother: 5. Sezon: Gülümse!;6/21/19
How I Met Your Mother: 5. Sezon: Tabii;6/21/19
How I Met Your Mother: 5. Sezon: Kancaya Takılmış;6/21/19
How I Met Your Mother: 5. Sezon: Tavşan veya Ördek;6/21/19
How I Met Your Mother: 5. Sezon: Kusursuz Hafta;6/21/19
How I Met Your Mother: 5. Sezon: Son Sigara;6/18/19
How I Met Your Mother: 5. Sezon: Tokat Günü 2;6/17/19
How I Met Your Mother: 5. Sezon: Av Rehberi;6/17/19
How I Met Your Mother: 5. Sezon: Çifte Randevu;6/17/19
How I Met Your Mother: 4. Sezon: Elinden Geldiğince Hızlı;6/16/19
How I Met Your Mother: 4. Sezon: Doğru Zamanda, Doğru Yerde;6/16/19
How I Met Your Mother: 4. Sezon: Üç Gün Kuralı;6/16/19
How I Met Your Mother: 4. Sezon: Murtaugh;6/16/19
How I Met Your Mother: 4. Sezon: Yaşlı Kral Clancy;6/16/19
How I Met Your Mother: 4. Sezon: Ön Veranda;6/16/19
How I Met Your Mother: 4. Sezon: Üzgünüm Kanka;6/16/19
How I Met Your Mother: 4. Sezon: Stinson Ailesi;6/16/19
How I Met Your Mother: 4. Sezon: Mümkânsız;6/16/19
How I Met Your Mother: 4. Sezon: Faydalar;6/15/19
How I Met Your Mother: 4. Sezon: Küçük Minnesota;6/15/19
How I Met Your Mother: 4. Sezon: Kavga;6/15/19
How I Met Your Mother: 4. Sezon: Çıplak Adam;6/15/19
How I Met Your Mother: 4. Sezon: Baba Olmama Günü;6/15/19
How I Met Your Mother: 4. Sezon: Shelter Adası;6/15/19
How I Met Your Mother: 4. Sezon: New Jersey'i Seviyorum;6/15/19
How I Met Your Mother: 3. Sezon: Hepsi Satılık;6/15/19
How I Met Your Mother: 3. Sezon: Telafi Kankası;6/15/19
How I Met Your Mother: 3. Sezon: Keçi;6/15/19
How I Met Your Mother: 3. Sezon: Kumdan Kaleler;6/15/19
How I Met Your Mother: 3. Sezon: Bağırma Zinciri;6/15/19
How I Met Your Mother: 3. Sezon: Liste;6/14/19
How I Met Your Mother: 3. Sezon: On Seans;6/14/19
How I Met Your Mother: 3. Sezon: Yarın Yok;6/14/19
How I Met Your Mother: 3. Sezon: Platin Kural;6/14/19
How I Met Your Mother: 3. Sezon: Bağlantı Kopması;6/14/19
How I Met Your Mother: 3. Sezon: Tokat Günü;6/14/19
How I Met Your Mother: 3. Sezon: Kötü Alışkanlıklar;6/13/19
How I Met Your Mother: 3. Sezon: Çocuklar;6/13/19
How I Met Your Mother: 3. Sezon: Üçteker;6/13/19
How I Met Your Mother: 3. Sezon: Biz Buralı Değiliz;6/13/19
How I Met Your Mother: 3. Sezon: Bekle;6/13/19
How I Met Your Mother: 2. Sezon: Mavi Bir Şey;6/13/19
How I Met Your Mother: 2. Sezon: Ödünç Alınmış Bir Şey;6/13/19
How I Met Your Mother: 2. Sezon: Bekârlığa Veda Partisi;6/12/19
How I Met Your Mother: 2. Sezon: Taşınma Günü;6/12/19
How I Met Your Mother: 2. Sezon: Arrivederci, Fiero;6/12/19
How I Met Your Mother: 2. Sezon: Pazartesi Gecesi Futbolu;6/12/19
How I Met Your Mother: 2. Sezon: Kolonlar;6/12/19
How I Met Your Mother: 2. Sezon: İlk Defa New York'ta;6/12/19
How I Met Your Mother: 2. Sezon: Lily Noel'i Nasıl Mahvetti?;6/12/19
How I Met Your Mother: 2. Sezon: Bekâr Gücü;6/12/19
How I Met Your Mother: 2. Sezon: Atlantic City;6/12/19
How I Met Your Mother: 2. Sezon: Aldrin Adaleti;6/12/19
How I Met Your Mother: 2. Sezon: Dünyanın En Harika Çifti;6/11/19
How I Met Your Mother: 2. Sezon: Brunch;6/11/19
How I Met Your Mother: Süt;6/11/19
How I Met Your Mother: Avukat Asistanı Mary;6/11/19
How I Met Your Mother: Gece İkiden Sonra İyi Bir Şey Olmaz;6/11/19
Paris'te Gece Yarısı;6/11/19
How I Met Your Mother: Goriller Arasında Yaşam;6/10/19
How I Met Your Mother: Kapkek;6/10/19
How I Met Your Mother: Oyun Gecesi;6/10/19
How I Met Your Mother: Trampet Sesleri;6/10/19
How I Met Your Mother: Düğün;6/10/19
How I Met Your Mother: Limuzin;6/10/19
How I Met Your Mother: Ananas Olayı;6/10/19
How I Met Your Mother: Bıktıran Hindi;6/10/19
How I Met Your Mother: Düello;6/10/19
How I Met Your Mother: Çöpçatan;6/10/19
How I Met Your Mother: Kaşar Bal Kabağı;6/10/19
How I Met Your Mother: Okay mi? Müthiş!;6/10/19
How I Met Your Mother: Gömleğin Dönüşü;6/9/19
How I Met Your Mother: Özgürlüğün Tadı;6/9/19
How I Met Your Mother: Mor Zürafa;6/9/19
Dark: 1. Sezon: Sırlar;6/8/19
Başlangıç;5/30/19
The Rain: 2. Sezon: Kontrolü Kaybetmeyin;5/18/19
The Rain: 2. Sezon: Gerçekler Acıdır;5/18/19
The Rain: 2. Sezon: Temas Kurmayın;5/17/19
The Last Summer;5/17/19
The Rain: 1. Sezon: Bir Arada Kalın;5/17/19
The Society: Yeni İsimler;5/15/19
The Society: Zehir;5/15/19
The Society: Allie'nin Kuralları;5/15/19
The Society: Tanrı Gibi Falan;5/15/19
Shadowhunters: The Mortal Instruments: Sezon 3B: Bütün Güzel Şeyler...;5/14/19
The Society: Maske Takmak;5/11/19
The Society: Damla Damla;5/11/19
The Society: Çocukluğa Elveda;5/11/19
The Society: Kasabamız;5/10/19
The Society: Nasıl Oldu?;5/10/19
The Society: Ne Oldu?;5/10/19
The Rain: 1. Sezon: İçeride Kalın;5/10/19
Noel Gecesi Kabusu;5/8/19
Shadowhunters: The Mortal Instruments: Sezon 3B: Bağlılık;5/7/19
Bataklık: Mini Dizi: Tanıklar;5/6/19
Bataklık: Mini Dizi: Duruşma;5/6/19
Bataklık: Mini Dizi: Canlandırma;5/5/19
Bataklık: Mini Dizi: Cenaze;5/5/19
Bataklık: Mini Dizi: Gözaltı;5/5/19
Bataklık: Mini Dizi: Maja;5/5/19
The Perfect Date;5/5/19
Shadowhunters: The Mortal Instruments: Sezon 3B: Camlar Şehri;4/30/19
Shadowhunters: The Mortal Instruments: Sezon 3B: Aku Cinta Kamu;4/30/19
Hakan: Muhafız: 2. Sezon: 5. Bölüm;4/28/19
Hakan: Muhafız: 2. Sezon: 4. Bölüm;4/28/19
Hakan: Muhafız: 2. Sezon: 3. Bölüm;4/27/19
Hakan: Muhafız: 2. Sezon: 2. Bölüm;4/27/19
Hakan: Muhafız: 2. Sezon: 1. Bölüm;4/27/19
Sense8: 2. Sezon: Amor Vincit Omnia;4/23/19
Sense8: 2. Sezon: Savaş mı İstiyorsun?;4/22/19
Sense8: 2. Sezon: Eğer Dünya Bir Sahneyse, Kimlik Sadece Bir Kostümdür;4/22/19
Sense8: 2. Sezon: Ailenin Gerçek Anlamı;4/22/19
Sense8: 2. Sezon: Şu An Tek İstediğim Bir Mermi Daha;4/21/19
Sense8: 2. Sezon: Kalbimde Nefrete Yer Yok;4/21/19
Sense8: 2. Sezon: Üstte İzole, Altta Bağlı;4/21/19
Sense8: 2. Sezon: Korkunun Ecele Faydası Yok;4/19/19
Shadowhunters: The Mortal Instruments: Sezon 3B: İçerideki Canavar;4/18/19
Shadowhunters: The Mortal Instruments: Sezon 3B: Cennet Ateşi;4/18/19
Aşıklar Şehri;4/12/19
Issız Adam;4/12/19
Aşk Tesadüfleri Sever;4/11/19
Dünyanın En Sıra Dışı Evleri: Sezon 2: Kısım B: İspanya;4/11/19
Unicorn Store;4/11/19
Zindan Adası;4/11/19
Aşk ve Yaşam;4/10/19
Battle;4/10/19
Sense8: 2. Sezon: Çok Seslilik;4/5/19
Sense8: 2. Sezon: Birlikte Yaşamaya Mecbur;4/3/19
Shadowhunters: The Mortal Instruments: Sezon 3B: Benimle Kal;4/3/19
Sense8: 2. Sezon: Ben Kimim?;4/2/19
Sense8: 2. Sezon: Nice S**** Yıllara;4/1/19
Sense8: 1. Sezon: Onu Bırakamam;4/1/19
Sense8: 1. Sezon: Direksiyonu Çevir Yeter ve Gelecek Değişsin;3/31/19
Sense8: 1. Sezon: İnsan Nedir?;3/31/19
Love, Rosie;3/29/19
Sense8: 1. Sezon: Ölüm Veda Etmene İzin Vermez;3/29/19
Shadowhunters: The Mortal Instruments: Sezon 3B: Gece Çocukları'na;3/26/19
Sense8: 1. Sezon: Neticede Hepimiz Yüreğimizdeki Mertlikle Yargılanacağız;3/24/19
Sense8: 1. Sezon: N-D-N-Y?;3/24/19
You: 1. Sezon: Mavi Sakal'ın Şatosu;3/23/19
You: 1. Sezon: Candace;3/23/19
Sense8: 1. Sezon: İblisler;3/23/19
Sense8: 1. Sezon: Sanat Din Gibidir;3/22/19
Sense8: 1. Sezon: What's Going On?;3/21/19
Shadowhunters: The Mortal Instruments: Sezon 3B: Gülün Öpücüğü;3/20/19
Sense8: 1. Sezon: Paranın Çoğu Sıska Kaltağın Üzerinde;3/19/19
Sense8: 1. Sezon: Ben Aslında Bizim;3/18/19
Liv ve Maddie: Rooney Takımı;3/16/19
Shadowhunters: The Mortal Instruments: Sezon 3B: Beati Bellicosi;3/12/19
Shadowhunters: The Mortal Instruments: Sezon 3B: İlk Günah;3/5/19
Dünyanın En Sıra Dışı Evleri: Sezon 2: Kısım B: İsrail;3/4/19
Shadowhunters: The Mortal Instruments: Sezon 3B: Kayıp Ruhlar;3/1/19
Baby: 1. Sezon: Süper Güçler;2/16/19
Sünger Bob Kare Pantolon: 1. Sezon: Uyku Zamanı / Köpük;2/15/19
Sünger Bob Kare Pantolon: 1. Sezon: SB-129 / Karate Keşişleri;2/15/19
Sünger Bob Kare Pantolon: 1. Sezon: Korkak Pantolon / Ben Bir Zamanlar Genç Bir Gary'ydim;2/15/19
You: 1. Sezon: Amour Fou;2/14/19
You: 1. Sezon: Belki;2/9/19
You: 1. Sezon: Kaptan;2/9/19
Dark: 1. Sezon: Gerçekler;2/9/19
Dark: 1. Sezon: Çifte Yaşamlar;2/9/19
Élite: 1. Sezon: Assilah;2/9/19
You: 1. Sezon: New York'taki Son Kibar Erkek;2/6/19
You: 1. Sezon: Pilot Bölüm;2/2/19
Perfume: Tutsak Etmek;1/27/19
Perfume: Kalp Notaları;1/27/19
Karanlığın Elli Tonu;1/25/19
Riverdale: 2. Sezon: No. 35: Cesur Yeni Dünya;1/19/19
Riverdale: 2. Sezon: No. 34: Hüküm Gecesi;1/19/19
Riverdale: 2. Sezon: No. 33: Şüphenin Gölgesi;1/19/19
Riverdale: 2. Sezon: No. 32: Tutsak;1/19/19
Riverdale: 2. Sezon: No. 31: Unutulmaz Gece;1/19/19
Riverdale: 2. Sezon: No. 30: Sıkı İlmik;1/17/19
Otel Transilvanya 2;1/17/19
Riverdale: 2. Sezon: No. 29: Kirli Yarış;1/17/19
Riverdale: 2. Sezon: No. 28: Kan Dökülecek;1/17/19
Riverdale: 2. Sezon: No. 27: Tepenin Gözleri;1/17/19
Riverdale: 2. Sezon: No. 26: Gammaz Yürek;1/17/19
Bodyguard: 6. Bölüm;1/16/19
Riverdale: 2. Sezon: No. 25: Şeytani + İlahi;1/16/19
Bodyguard: 5. Bölüm;1/16/19
Riverdale: 2. Sezon: No. 24: Güreşçi;1/16/19
Riverdale: 2. Sezon: No. 23: Karatahta Ormanı;1/15/19
Riverdale: 2. Sezon: No. 22: Sessiz Gece, Ölümcül Gece;1/15/19
Riverdale: 2. Sezon: No. 21: Şeytanın Evi;1/15/19
Riverdale: 2. Sezon: No. 20: Korku Günleri;1/15/19
Riverdale: 2. Sezon: No. 19: Ölüm Geçirmez;1/15/19
Riverdale: 2. Sezon: No. 18: Telefondaki Yabancı;1/15/19
Black Mirror: Bandersnatch;1/14/19
Riverdale: 2. Sezon: No. 17: Dehşet Kasabası;1/14/19
Riverdale: 2. Sezon: No. 16: Ormandaki Göz;1/14/19
Riverdale: 2. Sezon: No. 15: Gece Kuşları;1/14/19
Riverdale: 2. Sezon: No. 14: Ölüm Öpücüğü;1/14/19
Riverdale: 1. Sezon: No.1: Nehrin Kenarı;1/14/19
Riverdale: 1. Sezon: No. 13: Öbür Dünya;1/14/19
Jessie: Kötü Karma;1/12/19
Riverdale: 1. Sezon: No. 11: Geleceğe Dönüş;1/11/19
Riverdale: 1. Sezon: No. 4: Son Sergi;1/11/19
Riverdale: 1. Sezon: No. 2: Şeytanın Dokunuşu;1/11/19
Barbie Life in the Dreamhouse: En İyiler - Barbie;1/5/19
Barbie Life in the Dreamhouse: En İyiler - Ken;1/5/19
Geleceğe Dönüş;1/4/19
Sünger Bob Kare Pantolon: 1. Sezon: Dans Sorumlusu / Ayın Elemanı;12/31/18
Bodyguard: 4. Bölüm;12/27/18
Bodyguard: 3. Bölüm;12/27/18
Bodyguard: 2. Bölüm;12/26/18
Bodyguard: 1. Bölüm;12/26/18
Geleceğe Dönüş II;12/26/18
Peaky Blinders: 4. Sezon: Şirket;12/25/18
Jessie: Yetenekli Bay Kipling;12/25/18
Peaky Blinders: 4. Sezon: Düello;12/25/18
Peaky Blinders: 4. Sezon: Tehlikeli;12/24/18
Jessie: Yeni Şehir, Yeni Dadı;12/24/18
