Title;Genre
Alacakaranlık Efsanesi Yeni Ay;Drama
BoJack Horseman: 1. Sezon: Hızlı Yaşa Diane Nguyen;Animation
BoJack Horseman: 1. Sezon: Zoe'ler ve Zelda'lar;Animation
BoJack Horseman: 1. Sezon: Huysuz Kek;Animation
BoJack Horseman: 1. Sezon: BoJack Askerlerden Nefret Ediyor;Animation
BoJack Horseman: 1. Sezon: BoJack Horseman: BoJack Horseman'ın Hikayesi, Bölüm Bir;Animation
Orange Is the New Black: 7. Sezon: Fırıncı Düzinesi;Drama
Orange Is the New Black: 7. Sezon: Aynen Ben de;Drama
Orange Is the New Black: 7. Sezon: Asansörde Mahsur Kalmak;Drama
Orange Is the New Black: 1. Sezon: Tampon Burger;Drama
Suits: 1. Sezon: Pilot Bölüm 1 ve 2;Drama
BoJack Horseman: 3. Sezon: Eski Tanıdık;Animation
BoJack Horseman: 5. Sezon: Denizaltının İçi;Animation
Mezarlık: 2. Sezon: Nostos Algos Bölüm 2;Crime
Mezarlık: 2. Sezon: Nostos Algos Bölüm 1;Crime
Mezarlık: 2. Sezon: Hayırsız Ada Bölüm 2;Crime
Mezarlık: 2. Sezon: Hayırsız Ada Bölüm 1;Crime
Mezarlık: 2. Sezon: Belladonna Bölüm 2;Crime
Mezarlık: 2. Sezon: Belladonna Bölüm 1;Crime
Mezarlık: 2. Sezon: Dilsiz Şeytan Bölüm 2;Crime
Mezarlık: 2. Sezon: Dilsiz Şeytan Bölüm 1;Crime
The Platform;Drama
The Platform 2;Drama
BoJack Horseman: 5. Sezon: Bedava Churro;Animation
BoJack Horseman: 2. Sezon: Sihirli Söz;Animation
Breaking Bad: 1. Sezon: Hasta Adam;Crime
Breaking Bad: 1. Sezon: Eksik Parça;Crime
Canavarlar: Lyle ve Erik Menendez'in Hikâyesi: The Lyle and Erik Menendez Story: Fazla Bozukluğun Var mı, Birader?;Drama
Canavarlar: Lyle ve Erik Menendez'in Hikâyesi: The Lyle and Erik Menendez Story: Para Harcama Çılgınlığı;Drama
Canavarlar: Lyle ve Erik Menendez'in Hikâyesi: The Lyle and Erik Menendez Story: Acımasız Bir Plan;Drama
Breaking Bad: 1. Sezon: Yazı Tura;Crime
Breaking Bad: 1. Sezon: Pilot Bölüm;Crime
Breaking Bad: 4. Sezon: Kahraman;Crime
Alacakaranlık Efsanesi: Şafak Vakti Bölüm 2;Drama
Alacakaranlık Efsanesi: Şafak Vakti Bölüm 1;Drama
Alacakaranlık Efsanesi Tutulma;Drama
Alacakaranlık;Drama
Awake;Drama
Gilmore Girls: 1. Sezon: Pilot Bölüm;Drama
Recep İvedik 5;Drama
Jumanji: Yeni Seviye;Drama
Recep İvedik 7;Drama
Recep Ivedik 3;Comedy
Recep Ivedik;Comedy
Recep Ivedik 4;Comedy
Barbie Mermaid Power;Animation
Barbie Princess Adventure;Animation
Recep İvedik 2;Drama
Gözlerinin Ardında: Mini Dizi: Gözlerinin Ardında;Psychological
Gözlerinin Ardında: Mini Dizi: İkinci Kapı;Psychological
Gözlerinin Ardında: Mini Dizi: Rob;Psychological
Gözlerinin Ardında: Mini Dizi: İlk Kapı;Psychological
Gözlerinin Ardında: Mini Dizi: Bilinçli Rüyalar;Psychological
Gözlerinin Ardında: Mini Dizi: Tesadüfi Karşılaşmalar;Psychological
The Good Place: 3. Sezon: Jeremy Bearimy;Comedy
The Good Place: 1. Sezon: Jason Mendoza;Comedy
BoJack Horseman: 2. Sezon: Tavuklar;Animation
BoJack Horseman: 2. Sezon: Parti Sonrası;Animation
BoJack Horseman: 2. Sezon: Kırık;Animation
BoJack Horseman: 2. Sezon: Geçmişten Gelen;Animation
BoJack Horseman: 2. Sezon: Yepyeni Bir Kanepe;Animation
BoJack Horseman: 1. Sezon: Acelesi Yok;Animation
BoJack Horseman: 1. Sezon: Moral Bozucu Bir Son;Animation
BoJack Horseman: 1. Sezon: Tek Numara Bilen Midilli;Animation
BoJack Horseman: 1. Sezon: Acil Durum;Animation
BoJack Horseman: 1. Sezon: Teleskop;Animation
BoJack Horseman: 1. Sezon: Bir Şey Söyle;Animation
BoJack Horseman: 1. Sezon: Bizimkisi Bir 'D' Hikayesi;Animation
BoJack Horseman Christmas Special: Sabrina's Christmas Wish;Animation
BoJack Horseman: 6. Sezon: Yine de Güzeldi;Animation
BoJack Horseman: 6. Sezon: Yarı Yoldaki Manzara;Animation
BoJack Horseman: 6. Sezon: Angela;Animation
BoJack Horseman: 6. Sezon: Boynuzlayan Tek Boynuzlu;Animation
BoJack Horseman: 6. Sezon: Fotokopinin Fotokopisi;Animation
BoJack Horseman: 6. Sezon: Batık Maliyet ve Niceleri;Animation
BoJack Horseman: 6. Sezon: İyi Hasar;Animation
BoJack Horseman: 6. Sezon: BoJack Horseman'la Orta Düzey Rol Çalışması;Animation
BoJack Horseman: 6. Sezon: O Yokken, Çabucak Bir Tane;Animation
Paris'in Altında;Sci-Fi
Evcil Hayvanların Gizli Yaşamı;Drama
Patron Bebek;Drama
Breaking Bad: 4. Sezon: Kurşun Delikleri;Crime
Uyumsuz;Drama
BoJack Horseman: 6. Sezon: Depresyonun Yüzü;Animation
BoJack Horseman: 6. Sezon: Böbrek Konusu Kapanmıyor;Animation
BoJack Horseman: 6. Sezon: Birazcık Yamuk, Hepsi Bu;Animation
BoJack Horseman: 6. Sezon: Bir Sürpriz;Animation
BoJack Horseman: 6. Sezon: İyi Hissettiren Hikâye;Animation
BoJack Horseman: 6. Sezon: Yeni Müşteri;Animation
BoJack Horseman: 6. Sezon: Bir At Rehabilitasyona Gider;Animation
BoJack Horseman: 5. Sezon: Durdurulan Dizi;Animation
BoJack Horseman: 5. Sezon: Dizinin Kösteği;Animation
BoJack Horseman: 5. Sezon: Aklım Havada;Animation
BoJack Horseman: 5. Sezon: Her Şey Geçmişte Kaldı;Animation
BoJack Horseman: 5. Sezon: Mr. Peanutbutter'ın Kız Arkadaşları;Animation
BoJack Horseman: 5. Sezon: Amelia Earhart'ın Hikâyesi;Animation
BoJack Horseman: 5. Sezon: Feminist BoJack;Animation
BoJack Horseman: 5. Sezon: Planlı Eskitme;Animation
BoJack Horseman: 5. Sezon: Bir İlişkinin Ardından;Animation
BoJack Horseman: 5. Sezon: Ampul Sahnesi;Animation
BoJack Horseman: 4. Sezon: Şu Anda Saat Kaç;Animation
BoJack Horseman: 4. Sezon: Time's Arrow;Animation
BoJack Horseman: 4. Sezon: Kaliforniya Yaşam Tarzına Bayılıyorum!!;Animation
BoJack Horseman: 4. Sezon: Ruthie;Animation
BoJack Horseman: 4. Sezon: Yargıç;Animation
BoJack Horseman: 4. Sezon: Yeraltı;Animation
BoJack Horseman: 4. Sezon: Beş Para Etmez Pislik;Animation
BoJack Horseman: 4. Sezon: Düşünceler ve Dualar;Animation
BoJack Horseman: 4. Sezon: Hidrolik Kırılmayı Başlatın;Animation
BoJack Horseman: 4. Sezon: Yaşasın! Todd'lu Bölüm!;Animation
BoJack Horseman: 4. Sezon: Sugarman'ların Eski Evi;Animation
BoJack Horseman: 4. Sezon: Mr. Peanutbutter'ın Adaylığı;Animation
BoJack Horseman: 3. Sezon: Her Şey Yolunda;Animation
BoJack Horseman: 3. Sezon: Bu Kadarı da Fazla!;Animation
BoJack Horseman: 3. Sezon: Katil BoJack;Animation
BoJack Horseman: 3. Sezon: Mesele Sensin;Animation
BoJack Horseman: 3. Sezon: Başıma Gelen En İyi Şey;Animation
BoJack Horseman: 3. Sezon: Baskıyı Durdurun;Animation
Young Sheldon: 1. Sezon: Kartal Tüyü, Taze Fasulye ve Bir Eskimo;Crime
Young Sheldon: 1. Sezon: Spock, Kirk ve Testis Fıtığı;Crime
Young Sheldon: 1. Sezon: Canaveral Burnu, Schrödinger'in Kedisi ve Cyndi Lauper'ın Saçı;Crime
Young Sheldon: 1. Sezon: Göğüs Eti, Büyücü ve Cannonball Run;Crime
Young Sheldon: 1. Sezon: Pilot Bölüm;Crime
The Cuphead Show!: 3. Sezon: Tehlikeyle Dans;Drama
The Cuphead Show!: 3. Sezon: Araba Gezintisi;Drama
The Cuphead Show!: 3. Sezon: Zarlar Atılsın!;Drama
The Cuphead Show!: 1. Sezon: Karn-Aman!;Drama
Sünger Bob Kare Pantolon: 5. Sezon: Para Konuşur / Sünger Bob Burger Makinesine Karşı / Yapmacık Dans;Animation
Sünger Bob Kare Pantolon: 5. Sezon: Bir Burgeri Sevmek / Taze Squidward'ün Nefesi;Animation
Sünger Bob Kare Pantolon: 5. Sezon: Tren Korkusu / Kovam Tatlı Kovam;Animation
Sünger Bob Kare Pantolon: 7. Sezon: Dokunaç Görüşü / Dans Etmeyi Seviyorum;Animation
Buz Devri: Büyük Çarpışma;Drama
Buz Devri 3: Dinozorların Şafağı;Drama
BoJack Horseman: 3. Sezon: Brrap Brrap Pew Pew;Animation
BoJack Horseman: 3. Sezon: Aşk ve/veya Evlilik;Animation
BoJack Horseman: 3. Sezon: Sudan Çıkmış Balık;Animation
BoJack Horseman: 3. Sezon: The BoJack Horseman Show;Animation
BoJack Horseman: 3. Sezon: Haberi Yayalım;Animation
BoJack Horseman: 2. Sezon: Denizde;Animation
BoJack Horseman: 2. Sezon: LA'den Kaçış;Animation
BoJack Horseman: 2. Sezon: Evet Ama;Animation
BoJack Horseman: 2. Sezon: Çekim;Animation
BoJack Horseman: 2. Sezon: Hadi Öğrenelim;Animation
BoJack Horseman: 2. Sezon: Hank After Dark;Animation
Şrek;Drama
The Powerpuff Girls: 1. Sezon: Maymunlar Buyurur, Köpekler Yapar / Korkunç Anne;Drama
The Powerpuff Girls: 1. Sezon: Böcek İstilası / Powerpuff Blöf;Drama
Winx Dünyası: Yetenek Hırsızı;Drama
Kayıp Kız;Drama
Ever After High: Ever After High'a Hoş Geldiniz: İki Masalın Masalı;Drama
Peppa Pig: 6. Sezon: The Queen/Desert Island/Perfume/The Children's Fete;Kids
Barbie Life in the Dreamhouse: En İyiler - Moda;Animation
Barbie Life in the Dreamhouse: En İyiler - Arkadaşlar;Animation
Teen Titans Go!: 5. Sezon: Kepçe / Beşikteki Civciv;Drama
Rick and Morty: 1. Sezon: Pilot Bölüm;Animation
Black Mirror: 6. Sezon: Joan İğrenç Biri;Psychological
​Carol & The End of The World: Mini Dizi: Oyalanma;Drama
​Carol & The End of The World: Mini Dizi: Pilot Bölüm;Drama
The Good Place: 1. Sezon: Tahani Al-Jamil;Comedy
The Good Place: 1. Sezon: Uçmak;Comedy
The Good Place: 2. Sezon: Hamam Böceği Takımı;Comedy
Gossip Girl: 1. Sezon: Azılı Düşmanla Yemek;Drama
Gossip Girl: 1. Sezon: Pilot Bölüm;Drama
Orange Is the New Black: 1. Sezon: Hazır Değildim;Drama
Sex Education: 4. Sezon: 8. Bölüm;Drama
Sex Education: 4. Sezon: 7. Bölüm;Drama
Sex Education: 4. Sezon: 6. Bölüm;Drama
Sex Education: 4. Sezon: 5. Bölüm;Drama
Sex Education: 4. Sezon: 4. Bölüm;Drama
Sex Education: 4. Sezon: 3. Bölüm;Drama
Sex Education: 4. Sezon: 2. Bölüm;Drama
Sex Education: 4. Sezon: 1. Bölüm;Drama
Breaking Bad: 4. Sezon: Açık Ev;Crime
Breaking Bad: 4. Sezon: Otuzsekizlik;Crime
Breaking Bad: 4. Sezon: Maket Bıçağı;Crime
Breaking Bad: 3. Sezon: Yeterli Önlem;Crime
Breaking Bad: 3. Sezon: Yetersiz Önlem;Crime
Breaking Bad: 3. Sezon: Son Kapı;Crime
Breaking Bad: 3. Sezon: Sinek;Crime
Breaking Bad: 3. Sezon: Kafka;Crime
Breaking Bad: 3. Sezon: Yoğun Bakım;Crime
Breaking Bad: 3. Sezon: Bir Dakika;Crime
Breaking Bad: 3. Sezon: Gün Batımı;Crime
Breaking Bad: 3. Sezon: Devam;Crime
Breaking Bad: 3. Sezon: Yeşil Işık;Crime
Breaking Bad: 3. Sezon: İhanet;Crime
Breaking Bad: 3. Sezon: Çatıdaki Pizza;Crime
Breaking Bad: 3. Sezon: Terk;Crime
Breaking Bad: 2. Sezon: ABQ;Crime
Breaking Bad: 2. Sezon: Phoneix;Crime
Breaking Bad: 2. Sezon: Yaşam Döngüsü;Crime
Breaking Bad: 2. Sezon: Kutlama;Crime
Breaking Bad: 2. Sezon: Dört Uzun Gün;Crime
Breaking Bad: 2. Sezon: Saul Goodman;Crime
Breaking Bad: 2. Sezon: Siyah ve Mavi;Crime
Breaking Bad: 2. Sezon: ATM;Crime
Breaking Bad: 2. Sezon: Hamamböcekleri;Crime
Breaking Bad: 2. Sezon: Özür;Crime
Keeping Up with the Kardashians: 11. Sezon: 1. Bölüm;Drama
Breaking Bad: 2. Sezon: Ölü Arının İğnesi;Crime
Breaking Bad: 1. Sezon: Yastık;Crime
Breaking Bad: 2. Sezon: Zil;Crime
Breaking Bad: 2. Sezon: Yedi Yüz Otuz Yedi;Crime
Breaking Bad: 1. Sezon: Yasa Dışı;Crime
Breaking Bad: 1. Sezon: Heisenberg;Crime
Aşkı Seç;Drama
Orange Is the New Black: 7. Sezon: Yolun Sonu;Drama
Orange Is the New Black: 7. Sezon: Büyük Ev;Drama
Orange Is the New Black: 7. Sezon: Tanrı Amerika'yı Korusun;Drama
Orange Is the New Black: 7. Sezon: On Üçüncü;Drama
Orange Is the New Black: 7. Sezon: Gizli Sığınak;Drama
Orange Is the New Black: 7. Sezon: Sınır Dışı;Drama
Orange Is the New Black: 7. Sezon: Müebbet Hapis;Drama
Orange Is the New Black: 7. Sezon: Şimdi Azınlıklar Moda;Drama
Orange Is the New Black: 7. Sezon: Ne Ekersen Onu Biçersin;Drama
Orange Is the New Black: 7. Sezon: Sonun Başlangıcı;Drama
Orange Is the New Black: 6. Sezon: Özgür Ol;Drama
Orange Is the New Black: 6. Sezon: Çifte Bela;Drama
Orange Is the New Black: 6. Sezon: İşler Birden Tuhaflaştı;Drama
Orange Is the New Black: 6. Sezon: Çikolata Parçacıklı Nookie;Drama
Orange Is the New Black: 6. Sezon: İpini Kopar;Drama
Orange Is the New Black: 6. Sezon: Gordon;Drama
Sünger Bob Kare Pantolon: 9. Sezon: Yengeç Restoranı'nda İsyan / Bütün Bir Diş;Animation
Sünger Bob Kare Pantolon: 9. Sezon: Ananas İstilası / Salsa Embesilikus;Animation
Sünger Bob Kare Pantolon: 9. Sezon: Yemek Şovu Kazazedeleri / Salyangoz Postası;Animation
Sünger Bob Kare Pantolon: 9. Sezon: Sandy’nin Fındık Kâbusu / İlan Panosu;Animation
Sünger Bob Kare Pantolon: 9. Sezon: Ekstrem Sporlar / Sincap Rekoru;Animation
Yürüyen Şato;Drama
Teen Titans Go!: 4. Sezon: Televizyon Gecesi 3 / Birader Kıyameti;Drama
Teen Titans Go!: 4. Sezon: Daha Çok Para Daha Çok Sorun / Canavar Kız;Drama
Teen Titans Go!: 4. Sezon: Dostluğun Doğum Günü / Alma Günü;Drama
Teen Titans Go!: 4. Sezon: Kendini Beğenmiş 200. Bölüm!: Kısım1 / Kendini Beğenmiş 200. Bölüm!: Kısım 2;Drama
Teen Titans Go!: 4. Sezon: Kostüm Yarışması / İblis Balosu;Drama
Teen Titans Go!: 4. Sezon: Akademi / Kemik Tahtı;Drama
Orange Is the New Black: 6. Sezon: Değişim Rüzgârları;Drama
Orange Is the New Black: 6. Sezon: Rahim Bir Durum;Drama
Orange Is the New Black: 6. Sezon: Haylazlık Gecesi;Drama
Orange Is the New Black: 6. Sezon: Konuşan Merkep;Drama
Orange Is the New Black: 6. Sezon: Adımlarını Dikkatli At;Drama
Orange Is the New Black: 6. Sezon: Bomb*k Günler Geliyor;Drama
Orange Is the New Black: 6. Sezon: Benden Daha İyi Kim Bilir?;Drama
Orange Is the New Black: 5. Sezon: İşler Çığırından Çıktı;Drama
Orange Is the New Black: 5. Sezon: Kaderin Balık Dövmesi;Drama
Orange Is the New Black: 5. Sezon: Engelleri Yıkmak;Drama
Orange Is the New Black: 5. Sezon: Ters Midas Dokunuşu;Drama
Orange Is the New Black: 5. Sezon: Tahrik;Drama
Orange Is the New Black: 5. Sezon: Raylara Bağlı;Drama
Teen Titans Go!: 4. Sezon: Kariyer Günü / Televizyon Gecesi 2;Drama
Teen Titans Go!: 4. Sezon: İşçi Bayramı / Birler ve Sıfırlar;Drama
Teen Titans Go!: 4. Sezon: Adalet Birliği'nin Yeni En İyi Yetenek İdol Starı: Kısım 1 / Adalet Birliği'nin Yeni En İyi Yetenek İdol Starı: Kısım 2;Drama
Teen Titans Go!: 4. Sezon: Likasyon / Klasik Titanlar;Drama
Teen Titans Go!: 4. Sezon: Beyin Yüzdeleri / BL4Z3;Drama
Teen Titans Go!: 4. Sezon: Cips Kola Kilidi / Sıcak Salata Suyu;Drama
Pup Academy: 1. Sezon: Sokak Köpeğinin İlk Günü;Drama
Süngerbob Karepantolon;Drama
Orange Is the New Black: 5. Sezon: Yarım Snickers İçin Yapılabilecekler;Drama
The Sinner: 4. Sezon: Percy: Kısım VIII;Drama
The Sinner: 4. Sezon: Percy: Kısım VII;Drama
The Sinner: 4. Sezon: Percy: Kısım VI;Drama
The Sinner: 4. Sezon: Percy: Kısım V;Drama
The Sinner: 4. Sezon: Percy: Kısım IV;Drama
The Sinner: 4. Sezon: Percy: Kısım III;Drama
The Sinner: 4. Sezon: Percy: Kısım II;Drama
The Sinner: 4. Sezon: Percy: Kısım I;Drama
Sex Education: 1. Sezon: 4. Bölüm;Drama
Sex Education: 1. Sezon: 3. Bölüm;Drama
The Empress: 1. Sezon: Varış;Drama
The Empress: 1. Sezon: İnsanın Dünyadaki Yeri;Drama
Obsession: Mini Dizi: 3. Bölüm;Drama
Obsession: Mini Dizi: 2. Bölüm;Drama
Obsession: Mini Dizi: 1. Bölüm;Drama
The Good Place: 2. Sezon: Dans Dans Azim;Comedy
The Good Place: 2. Sezon: Her Şey Harika!;Comedy
The Good Place: 1. Sezon: Michael'ın Planı;Comedy
The Good Place: 1. Sezon: Mindy St. Claire;Comedy
The Good Place: 1. Sezon: Benim Motivasyonum Ne?;Comedy
Sex Education: 1. Sezon: 2. Bölüm;Drama
You: 4. Sezon: Tilki ve Tazı;Crime
You: 4. Sezon: Hampsy;Crime
You: 4. Sezon: Zenginler Hedefte;Crime
You: 4. Sezon: Sanatçının Portresi;Crime
You: 4. Sezon: Joe Tatilde;Crime
You: 2. Sezon: İyi Sağlıklı Hafta Sonları, Joe!;Crime
Sex Education: 1. Sezon: 1. Bölüm;Drama
Dünyanın En Zorlu Hapishaneleri: 6. Sezon: Yunanistan: İnsan Kaçakçıları Hapishanesi;Drama
Dünyanın En Zorlu Hapishaneleri: 6. Sezon: Bosna: Mafya Hapishanesi;Drama
Dünyanın En Zorlu Hapishaneleri: 6. Sezon: Güney Kıbrıs: Ütopya Hapishanesi;Drama
Dünyanın En Zorlu Hapishaneleri: 6. Sezon: Moldova: Müebbetlikler Hapishanesi;Drama
Sıcak Kafa: Adımın Bir Önemi Yok;Drama
Sıcak Kafa: Gül ve Diken;Drama
Sıcak Kafa: 7’ye 13 Kala;Drama
Sıcak Kafa: Şafak Söktü, Akrep Öldü;Drama
Sıcak Kafa: Yüksek Ateş;Drama
Sıcak Kafa: 6. Bölge;Drama
Sıcak Kafa: Kedi, Kutu, Huni;Drama
Sıcak Kafa: Galanthus Byzantinus;Drama
Brooklyn Nine-Nine: 1. Sezon: Parti;Comedy
Şahmaran: 1. Sezon: İçimdeki Yılan;Drama
Şahmaran: 1. Sezon: Aşkın Tekerrürü;Drama
Şahmaran: 1. Sezon: Hayat Gürültüsü;Drama
Şahmaran: 1. Sezon: Gelecek Değişir;Drama
Şahmaran: 1. Sezon: İnanmanın Dayanılmaz Hafifliği;Drama
Şahmaran: 1. Sezon: Kararsız Denge;Drama
Şahmaran: 1. Sezon: Yağmurun Söyledikleri;Drama
Şahmaran: 1. Sezon: Dünya Sancısı;Drama
Harry Potter ve Ölüm Yadigarları: Bölüm 1;Drama
Harry Potter ve Melez Prens;Drama
Harry Potter ve Zümrüdüanka Yoldaşlığı;Drama
Harry Potter ve Ateş Kadehi;Drama
DAHMER: Canavar: Jeffrey Dahmer'ın Hikâyesi: Lütfen Gitme;Drama
DAHMER: Canavar: Jeffrey Dahmer'ın Hikâyesi: Birinci Bölüm;Drama
The Office: 3. Sezon: Birleşme;Comedy
Cennete Hoş Geldiniz: 1. Sezon: Veda Partisi;Drama
Cennete Hoş Geldiniz: 1. Sezon: Değerlendirme;Drama
Cennete Hoş Geldiniz: 1. Sezon: Hayatınızın Yolculuğu;Drama
The Crown: 1. Sezon: Göz Boyama;Historical Drama
The Crown: 1. Sezon: Doğal Afet;Historical Drama
The Crown: 1. Sezon: Windsor;Historical Drama
The Crown: 1. Sezon: Hyde Park Corner;Historical Drama
The Crown: 1. Sezon: Wolferton Splash;Historical Drama
Derry Girls: 2. Sezon: 1. Bölüm;Drama
Derry Girls: 1. Sezon: 6. Bölüm;Drama
Derry Girls: 1. Sezon: 5. Bölüm;Drama
Derry Girls: 1. Sezon: 4. Bölüm;Drama
The Spanish Princess: 2. Sezon: Huzur;Historical Drama
Derry Girls: 1. Sezon: 3. Bölüm;Drama
Derry Girls: 1. Sezon: 2. Bölüm;Drama
Derry Girls: 1. Sezon: 1. Bölüm;Drama
Crashing: 1. Bölüm;Drama
Devil in Ohio: Mini Dizi: Düşerken Kurtarılan;Drama
The Spanish Princess: 2. Sezon: İnanç;Historical Drama
The Spanish Princess: 2. Sezon: Altın Kumaş Tarlası;Historical Drama
The Spanish Princess: 2. Sezon: Veba;Historical Drama
The Spanish Princess: 2. Sezon: Başka Bir Kadın;Historical Drama
The Spanish Princess: 2. Sezon: Keder;Historical Drama
The Spanish Princess: 2. Sezon: Flodden;Historical Drama
The Spanish Princess: 2. Sezon: Camelot;Historical Drama
The Spanish Princess: Kader;Historical Drama
The Spanish Princess: Her Şey Bitti;Historical Drama
The Spanish Princess: Kibar Bir Kaçırılma;Historical Drama
The Spanish Princess: Kalp mi, Görev mi?;Historical Drama
The Spanish Princess: Harry İçin Mücadele;Historical Drama
The Spanish Princess: Cesur Bir Plan;Historical Drama
The Spanish Princess: Sayıklama;Historical Drama
The Spanish Princess: Yeni Dünya;Historical Drama
The White Princess: Eski Lanetler;Drama
The White Princess: İki Kral;Drama
Dead to Me: 1. Sezon: Pilot Bölüm;Drama
The White Princess: İngiliz Topraklarındaki İngiliz Kanı;Drama
The White Princess: Hainler;Drama
The White Princess: Tahtın Talibi;Drama
The Woman in the House Across the Street from the Girl in the Window: Mini Dizi: 8. Bölüm;Drama
The Woman in the House Across the Street from the Girl in the Window: Mini Dizi: 7. Bölüm;Drama
The Woman in the House Across the Street from the Girl in the Window: Mini Dizi: 5. Bölüm;Drama
The Woman in the House Across the Street from the Girl in the Window: Mini Dizi: 6. Bölüm;Drama
The Woman in the House Across the Street from the Girl in the Window: Mini Dizi: 4. Bölüm;Drama
The Woman in the House Across the Street from the Girl in the Window: Mini Dizi: 3. Bölüm;Drama
The Woman in the House Across the Street from the Girl in the Window: Mini Dizi: 2. Bölüm;Drama
The Woman in the House Across the Street from the Girl in the Window: Mini Dizi: 1. Bölüm;Drama
The White Princess: Burgonya;Drama
The White Princess: Kalpler ve Zihinler;Drama
The White Princess: Düşmanla Yatmak;Drama
The White Queen: Son Savaş;Historical Drama
The White Queen: Kule'deki Prensler;Historical Drama
The White Queen: Kralımız Çok Yaşa;Historical Drama
The White Queen: Zehir ve Malvazya Şarabı;Historical Drama
The White Queen: Aşk ve Ölüm;Historical Drama
The White Queen: İlk Elden Savaş;Historical Drama
The White Queen: Kötü Kraliçe;Historical Drama
The White Queen: Fırtına;Historical Drama
The White Queen: Gücün Bedeli;Historical Drama
The White Queen: Krala Âşık Olmak;Historical Drama
The Office: 3. Sezon: Şube Kapanışı;Comedy
D@bbe: Bir Cin Vakasi;Drama
Orange Is the New Black: 5. Sezon: Acılı Cheetos'ları Yakıyoruz;Drama
Orange Is the New Black: 5. Sezon: Göster Kendini Beyaz Effie;Drama
Kuş Uçuşu: 1. Sezon: 5. Bölüm;Drama
Kuş Uçuşu: 1. Sezon: 4. Bölüm;Drama
Kuş Uçuşu: 1. Sezon: 3. Bölüm;Drama
Kuş Uçuşu: 1. Sezon: 2. Bölüm;Drama
Kuş Uçuşu: 1. Sezon: 1. Bölüm;Drama
Ratched: Pilot Bölüm;Drama
Mezarlık: 1. Sezon: Düğüm;Crime
Mezarlık: 1. Sezon: Göldeki Kadın;Crime
Mezarlık: 1. Sezon: Bir Nefes Kadar Yakın;Crime
Mezarlık: 1. Sezon: Güneşten Daha Sıcak;Crime
Black Mirror: 5. Sezon: Striking Vipers;Psychological
Sex Education: 3. Sezon: 8. Bölüm;Drama
Sex Education: 3. Sezon: 7. Bölüm;Drama
Sex Education: 3. Sezon: 6. Bölüm;Drama
Sex Education: 3. Sezon: 5. Bölüm;Drama
Sex Education: 3. Sezon: 4. Bölüm;Drama
Sex Education: 3. Sezon: 3. Bölüm;Drama
Sex Education: 3. Sezon: 2. Bölüm;Drama
Sex Education: 3. Sezon: 1. Bölüm;Drama
Sex Education: 2. Sezon: 8. Bölüm;Drama
Sex Education: 2. Sezon: 7. Bölüm;Drama
Sex Education: 2. Sezon: 6. Bölüm;Drama
Sex Education: 2. Sezon: 5. Bölüm;Drama
Sex Education: 2. Sezon: 4. Bölüm;Drama
Sex Education: 2. Sezon: 3. Bölüm;Drama
Sex Education: 2. Sezon: 2. Bölüm;Drama
Sex Education: 2. Sezon: 1. Bölüm;Drama
Sex Education: 1. Sezon: 8. Bölüm;Drama
Sex Education: 1. Sezon: 7. Bölüm;Drama
Sex Education: 1. Sezon: 6. Bölüm;Drama
Sex Education: 1. Sezon: 5. Bölüm;Drama
Harry Potter ve Ölüm Yadigarları: Bölüm 2;Drama
Harry Potter ve Felsefe Taşı;Drama
The Office: 3. Sezon: Diwali Kutlaması;Comedy
Élite: 5. Sezon: Ayrı Dünyaların İnsanları;Drama
Élite: 5. Sezon: Onu Ben Öldürdüm;Drama
Élite: 2. Sezon: 59 Saattir Kayıp;Drama
Pera Palas'ta Gece Yarısı: 1. Sezon: Zenberek;Drama
Pera Palas'ta Gece Yarısı: 1. Sezon: Yüzleşme;Drama
Pera Palas'ta Gece Yarısı: 1. Sezon: Yolculuk;Drama
The Office: 3. Sezon: Schrute Çiftliği;Comedy
Orange Is the New Black: 5. Sezon: Yetenek Sizsiniz Litchfield;Drama
Orange Is the New Black: 5. Sezon: Çiş Kardeşiyiz Biz;Drama
Orange Is the New Black: 5. Sezon: Yat, Evlen, Öldür;Drama
F is for Family: 5. Sezon: Güle Güle, Frankie;Animation
F is for Family: 5. Sezon: Mutlu Noeller A**** K******;Animation
F is for Family: 5. Sezon: Manyaklar;Animation
F is for Family: 5. Sezon: Arayış;Animation
The Sinner: 1. Sezon: Cora: Kısım I;Drama
F is for Family: 5. Sezon: Çok Teşekkürler;Animation
F is for Family: 5. Sezon: Çıkmaz Sokak;Animation
F is for Family: 5. Sezon: Paslıköy Katliamı;Animation
F is for Family: 5. Sezon: Mahogany Fortress;Animation
The Office: 3. Sezon: Yas Danışmanlığı;Comedy
The Office: 3. Sezon: Film Pazartesisi;Comedy
The Office: 3. Sezon: Kongre;Comedy
The Office: 3. Sezon: Eşcinsel Radarı;Comedy
Modern Family: 2. Sezon: Lily'yi Kollayacak Biri;Comedy
Modern Family: 2. Sezon: Müzik Direktörü;Comedy
Modern Family: 2. Sezon: Erkekler Gecesi;Comedy
Modern Family: 2. Sezon: İki Maymun ve Bir Panda;Comedy
Modern Family: 2. Sezon: Sadece Pişmanlık;Comedy
Modern Family: 2. Sezon: Prenses Temalı Parti;Comedy
Orange Is the New Black: 5. Sezon: İsyanı Kaçırma Korkusu;Drama
Modern Family: 2. Sezon: Bixby Geri Döndü;Comedy
Modern Family: 2. Sezon: Suçüstü;Comedy
Modern Family: 2. Sezon: Çocuklarımız ve Biz;Comedy
Modern Family: 2. Sezon: Yavaşlat Komşularını;Comedy
Modern Family: 2. Sezon: İlk Dans;Comedy
Modern Family: 2. Sezon: Cam'in Annesi;Comedy
Modern Family: 2. Sezon: Silahlı Manny;Comedy
Modern Family: 2. Sezon: Öten Dedektör;Comedy
Modern Family: 2. Sezon: Cadılar Bayramı;Comedy
Mavi Göle Dönüş;Drama
Mavi Göl;Drama
Modern Family: 2. Sezon: Teknolojisiz Yaşam;Comedy
Modern Family: 2. Sezon: Koşu Bandındaki Yabancılar;Comedy
Modern Family: 2. Sezon: Deprem;Comedy
Modern Family: 2. Sezon: Öpücük;Comedy
Enes Batur Gerçek Kahraman;Drama
Doğaya Karşı Mücadele: St. Bernard'ı Aramak;Drama
Doğaya Karşı Mücadele: Ormanda Kurtarma Operasyonu: Kısım 2;Drama
Doğaya Karşı Mücadele: Ormanda Kurtarma Operasyonu: Kısım 1;Drama
Drama Adası: Total Drama Island: Nahoş Açık Hava: Kısım 1;Drama
Kung Fu Panda;Drama
Spirit Özgürce Koşuyor: Maceraya Sen de Katıl;Drama
Patron Bebek: Yakala Bebeği!;Drama
Bird Box;Drama
Kemiklerine Kadar;Drama
Modern Family: 2. Sezon: Eski Aile Arabası;Comedy
Modern Family: Aile Fotoğrafı;Comedy
Modern Family: Hawaii;Comedy
Modern Family: Havaalanı 2010;Comedy
Modern Family: Scout ile Seyahat;Comedy
Modern Family: Yedek Kulübesi;Comedy
Modern Family: Oyunun Kuralları Değişti;Comedy
Modern Family: Yıldızlı Gece;Comedy
Modern Family: Gerçeği Söylemek Gerekirse;Comedy
Hilda: 1. Sezon: No. 5: Trol Kayası;Drama
Hilda: 1. Sezon: No. 4: Serçe İzciler;Drama
Hilda: 1. Sezon: No. 3: Kuş Geçidi;Drama
Hilda: 1. Sezon: No. 2: Gece Yarısı Devi;Drama
Modern Family: Korkular;Comedy
Modern Family: Benim Acayip Sevgilim;Comedy
Hilda: 1. Sezon: No. 1: Saklı İnsanlar;Drama
Maymunlar Kralı Kong: 1. Sezon: Kong'u Küçülttüm;Drama
Maymunlar Kralı Kong: 1. Sezon: Biyonik Kolların Yarışı;Drama
Maymunlar Kralı Kong: 1. Sezon: Botilazilla;Drama
Maymunlar Kralı Kong: 1. Sezon: Richard'ın Barınağı;Drama
Maymunlar Kralı Kong: 1. Sezon: Büyük Fidye;Drama
Maymunlar Kralı Kong: 1. Sezon: Kaçak Avcıların Ödülü;Drama
Maymunlar Kralı Kong: 1. Sezon: 3 Boyutlu Kong;Drama
Maymunlar Kralı Kong: 1. Sezon: Anakonda;Drama
Maymunlar Kralı Kong: 1. Sezon: Macera Başlıyor;Drama
Modern Family: Aya İniş;Comedy
Modern Family: %15;Comedy
Modern Family: Evimde İstemiyorum;Comedy
Modern Family: Uykusuz Bir Gece;Comedy
Modern Family: Süsler Kalkıyor;Comedy
Modern Family: Fizbo;Comedy
Modern Family: Büyük Umutlar;Comedy
Modern Family: Gardınızı Alın;Comedy
Modern Family: Karısını Seven Koşsun;Comedy
Modern Family: Kömür Avcısı;Comedy
Modern Family: Elim Olay;Comedy
Modern Family: Gel, Birlikte Uçuralım;Comedy
Modern Family: Bisiklet Hırsızı;Comedy
Modern Family: Pilot Bölüm;Comedy
Glee: Pilot Bölüm;Drama
Skins: Sezon 1: Tony;Drama
Malèna;Drama
Freud: Histeri;Drama
Küp;Drama
How I Met Your Mother: 3. Sezon: Dowisetrepla;Comedy
How I Met Your Mother: 3. Sezon: Ben O Adam Değilim;Comedy
How I Met Your Mother: 3. Sezon: Diğer Herkesle Nasıl Tanıştım?;Comedy
How I Met Your Mother: 2. Sezon: Eşyalar;Comedy
How I Met Your Mother: 2. Sezon: Şanslı Çeyreklik;Comedy
Peaky Blinders: 5. Sezon: Kara Kediler;Drama
The Queen's Gambit: Mini Dizi: Açılışlar;Drama
Élite: 2. Sezon: 36 Saattir Kayıp;Drama
Élite Öyküler: Omar, Ander ve Alexis: 3. Kısım;Drama
Élite Öyküler: Omar, Ander ve Alexis: 2. Kısım;Drama
Élite Öyküler: Omar, Ander ve Alexis: 1. Kısım;Drama
Élite: 4. Sezon: Beş Saniye;Drama
Harry Potter ve Azkaban Tutsağı;Drama
Kill Bill Volume 1;Drama
Pose: Pilot Bölüm;Drama
Élite Öyküler: Carla ve Samuel: 1. Kısım;Drama
Élite: 4. Sezon: Yeni Düzen;Drama
Brokeback Dağı;Drama
The Good Place: 1. Sezon: Chidi'nin Seçimi;Comedy
Oh, Ramona!;Drama
Arınma Gecesi;Horror
Hayalet Avcıları;Drama
Orange Is the New Black: 4. Sezon: Yaşam ve Ölüm;Drama
Eighth Grade;Drama
Orange Is the New Black: 4. Sezon: Hayvanlar;Drama
Arkadaştan Öte;Drama
Grinin Elli Tonu;Drama
The Lobster;Drama
Orange Is the New Black: 4. Sezon: Ayın Elemanı;Drama
3 Türk, Bir Bebek;Drama
Fatma: Toz;Drama
Fatma: Yer Çekimi;Drama
Penceredeki Kadın;Drama
Orange Is the New Black: 4. Sezon: Film Gecesi;Drama
Zombieland;Drama
Orange Is the New Black: 4. Sezon: On Ölü Sinek;Drama
Orange Is the New Black: 4. Sezon: Herkesin Yardıma İhtiyacı Olur;Drama
Bir Rüya İçin Ağıt;Drama
RuPaul's Drag Race: 4. Sezon: RuPokalips!;Reality
Orange Is the New Black: 4. Sezon: Gamalı Haç;Drama
Orange Is the New Black: 4. Sezon: İsimsiz Mektuplar;Drama
Orange Is the New Black: 4. Sezon: Karaborsa Tampon;Drama
Aşk ve Küller;Drama
Vazgeçmem Senden;Drama
Orange Is the New Black: 4. Sezon: Elektroşok;Drama
Orange Is the New Black: 4. Sezon: Bir Şey Söyle(me);Drama
Orange Is the New Black: 4. Sezon: Güçlülerin Hukuku;Drama
Üç Adım Uzakta;Drama
Friends: Monica Ev Arkadaşı Ediniyor (Pilot Bölüm);Comedy
Eğlenceli Tarih Dersleri: 1. Sezon: Hazır Yemekler;Drama
Orange Is the New Black: 4. Sezon: Ceset;Drama
MILF;Drama
Orange Is the New Black: 3. Sezon: Hiç Kimseye Güvenme;Drama
Orange Is the New Black: 3. Sezon: Beni Oraya Getirtme;Drama
Şikago Yedilisi'nin Yargılanması;Drama
Latasha İçin Bir Şarkı;Drama
Orange Is the New Black: 3. Sezon: Kahraman Olabiliriz;Drama
Orange Is the New Black: 3. Sezon: Arı Sokması;Drama
Orange Is the New Black: 3. Sezon: Nerede Benim Dreidel'im?;Drama
Orange Is the New Black: 3. Sezon: Korku ve Diğer Kokular;Drama
Orange Is the New Black: 3. Sezon: Sessiz;Drama
I Care a Lot;Drama
El desorden que dejas: Mini Dizi: Aslanın İninde;Drama
Orange Is the New Black: 3. Sezon: Chang Çin Çon;Drama
Orange Is the New Black: 3. Sezon: Sahte Asit;Drama
Orange Is the New Black: 3. Sezon: Doğru Yol;Drama
Orange Is the New Black: 3. Sezon: Empatinin Zararları;Drama
Orange Is the New Black: 3. Sezon: Tahtakuruları;Drama
Orange Is the New Black: 3. Sezon: Anneler Günü;Drama
Orange Is the New Black: 2. Sezon: Kibarlık;Drama
Orange Is the New Black: 2. Sezon: Menopoz;Drama
Orange Is the New Black: 2. Sezon: Açlık Grevi;Drama
Orange Is the New Black: 2. Sezon: Mendez'in Başı Dertte;Drama
Orange Is the New Black: 2. Sezon: Bir Yudum Özgürlük;Drama
Kaybedenler Kulübü;Drama
Malcolm ve Marie;Drama
Orange Is the New Black: 2. Sezon: Uygun Boyda Saksılar;Drama
Orange Is the New Black: 2. Sezon: Comic Sans;Drama
Orange Is the New Black: 2. Sezon: Pizza;Drama
Orange Is the New Black: 2. Sezon: Bahis;Drama
Orange Is the New Black: 2. Sezon: Başka Bir Delik;Drama
Rosemary'nin Bebeği;Drama
Orange Is the New Black: 2. Sezon: Sarılın Barışın;Drama
Orange Is the New Black: 2. Sezon: Görünüşü Mavi, Tadı Kırmızı;Drama
Sevdiğim Tüm Erkeklere: Şimdi ve Sonsuza Dek;Drama
Sevdiğim Tüm Erkeklere: Not: Seni Hâlâ Seviyorum;Drama
Orange Is the New Black: 2. Sezon: Hamam Böceği Avı;Drama
Orange Is the New Black: 1. Sezon: Deliyle Deli Olma;Drama
Orange Is the New Black: 1. Sezon: Acı Gerçekler;Drama
Orange Is the New Black: 1. Sezon: Uzun Boylu Adamın Duyguları;Drama
Orange Is the New Black: 1. Sezon: Bora Bora Bora;Drama
Orange Is the New Black: 1. Sezon: Hücrede Bir Şükran Günü;Drama
Orange Is the New Black: 1. Sezon: Moskovalı Katır;Drama
Orange Is the New Black: 1. Sezon: Donut;Drama
Sevdiğim Tüm Erkeklere;Drama
Orange Is the New Black: 1. Sezon: Konsey;Drama
Orange Is the New Black: 1. Sezon: Efsane Tavuk;Drama
Orange Is the New Black: 1. Sezon: Hayali Düşmanlar;Drama
Orange Is the New Black: 1. Sezon: Lezbiyenlik İsteği Reddedildi;Drama
Brooklyn Nine-Nine: 1. Sezon: Kırık Tüy Operasyonu;Comedy
Headspace: Meditasyon Rehberi: Başlamak;Sci-Fi
The Sinner: 3. Sezon: Jamie: Kısım II;Drama
The Sinner: 3. Sezon: Jamie: Kısım III;Drama
Uyanışlar;Drama
6 Years;Drama
Brooklyn Nine-Nine: 1. Sezon: Kara Şahin;Comedy
Brooklyn Nine-Nine: 1. Sezon: İddia;Comedy
Brooklyn Nine-Nine: 1. Sezon: Pontiac Haydudu;Comedy
The Sinner: 3. Sezon: Jamie: Kısım I;Drama
The Sinner: 2. Sezon: Julian: Kısım VIII;Drama
The Sinner: 2. Sezon: Julian: Kısım VII;Drama
Baba;Drama
The Sinner: 2. Sezon: Julian: Kısım VI;Drama
The Sinner: 2. Sezon: Julian: Kısım V;Drama
The Sinner: 2. Sezon: Julian: Kısım IV;Drama
The Sinner: 2. Sezon: Julian: Kısım III;Drama
The Sinner: 2. Sezon: Julian: Kısım II;Drama
The Sinner: 2. Sezon: Julian: Kısım I;Drama
The Sinner: 1. Sezon: Cora: Kısım VIII;Drama
The Sinner: 1. Sezon: Cora: Kısım VII;Drama
The Sinner: 1. Sezon: Cora: Kısım VI;Drama
Brooklyn Nine-Nine: 1. Sezon: Noel;Comedy
Brooklyn Nine-Nine: 1. Sezon: Şükran Günü;Comedy
The Sinner: 1. Sezon: Cora: Kısım V;Drama
The Sinner: 1. Sezon: Cora: Kısım IV;Drama
The Sinner: 1. Sezon: Cora: Kısım II;Drama
The Sinner: 1. Sezon: Cora: Kısım III;Drama
Brooklyn Nine-Nine: 1. Sezon: Sal'ın Pizzası;Comedy
Brooklyn Nine-Nine: 1. Sezon: Eski Usul;Comedy
Brooklyn Nine-Nine: 1. Sezon: 48 Saat;Comedy
Brooklyn Nine-Nine: 1. Sezon: Cadılar Bayramı;Comedy
Parçalanmış;Drama
Biz;Drama
Haunted: 2. Sezon: İşkence Tarikatı;Drama
Haunted: 2. Sezon: Taklitçi;Drama
Brooklyn Nine-Nine: 1. Sezon: Akbaba;Comedy
Brooklyn Nine-Nine: 1. Sezon: Otopsi Zamanı;Comedy
Brooklyn Nine-Nine: 1. Sezon: Düşüş;Comedy
Brooklyn Nine-Nine: 1. Sezon: Spreyci;Comedy
Brooklyn Nine-Nine: 1. Sezon: Pilot Bölüm;Comedy
Tiny Pretty Things: Uyanmak Yetmez, Kalkmak Lazım;Drama
Tiny Pretty Things: Rölöve;Drama
Tiny Pretty Things: Yakala ve Bırak;Drama
Tiny Pretty Things: Yaşama Sevinci;Drama
Tiny Pretty Things: Bölünme;Drama
Tiny Pretty Things: Başkaldırı;Drama
Tiny Pretty Things: Gösteri;Drama
Tiny Pretty Things: Esneklik;Drama
Temel İçgüdü;Drama
Tiny Pretty Things: Beden;Drama
Gizli Dünya;Drama
Her Şeyi Bitirmeyi Düşünüyorum;Psychological
Mulholland Çıkmazı;Drama
Aşk ve Gurur;Drama
Hayallerin Peşinde;Drama
Aşk 101: 1. Sezon: Değişim;Drama
Élite: 3. Sezon: Carla;Drama
Élite: 3. Sezon: Samuel ve Guzmán;Drama
Élite: 3. Sezon: Lu;Drama
Élite: 1. Sezon: Aşk Bir Uyuşturucudur;Drama
Otomatik Portakal;Drama
: 3. Bölüm;Drama
: 2. Bölüm;Drama
: 1. Bölüm;Drama
Yaşamın Kıyısında;Drama
The Good Place: 4. Sezon: Hazır Olduğunda;Comedy
The Good Place: 4. Sezon: Patty;Comedy
The Good Place: 4. Sezon: Ah Şu Pazartesiler Yok mu!;Comedy
The Good Place: 4. Sezon: Sen Değiştin Dostum;Comedy
The Good Place: 4. Sezon: Cevap;Comedy
The Good Place: 4. Sezon: Cenazelerin En Kralı;Comedy
The Good Place: 4. Sezon: Yardım Başkalarından Gelir;Comedy
The Good Place: 4. Sezon: Bir Chip Driver Polisiyesi;Comedy
The Good Place: 4. Sezon: Bearimy'nin Çalışanı;Comedy
If Anything Happens I Love You;Crime
Bir Başkadır: 8. Bölüm;Drama
Tales of the City (1993): 6. Bölüm;Drama
Bir Başkadır: 7. Bölüm;Drama
Bir Başkadır: 6. Bölüm;Drama
Bir Başkadır: 5. Bölüm;Drama
Bir Başkadır: 4. Bölüm;Drama
Bir Başkadır: 3. Bölüm;Drama
Bir Başkadır: 2. Bölüm;Drama
Bir Başkadır: 1. Bölüm;Drama
Aşk 101: 1. Sezon: Özlem;Drama
Aşk 101: 1. Sezon: Şefkat;Drama
Aşk 101: 1. Sezon: Eğlence;Drama
Aşk 101: 1. Sezon: Tutku;Drama
Beni Adınla Çağır;Drama
Tales of the City (1993): 5. Bölüm;Drama
Tales of the City (1993): 4. Bölüm;Drama
Tales of the City (1993): 3. Bölüm;Drama
Tales of the City (1993): 2. Bölüm;Drama
Tales of the City (1993): 1. Bölüm;Drama
Can You Hear Me?: 1. Sezon: Yer Sallansa Bile;Crime
Aşk 101: 1. Sezon: Hayranlık;Drama
Aşk 101: 1. Sezon: İlk An;Drama
Can You Hear Me?: 1. Sezon: Fakir Kızlar;Crime
F is for Family: 4. Sezon: Bebek, Bebek, Bebek;Animation
F is for Family: 4. Sezon: Cleveland Gezisi;Animation
F is for Family: 4. Sezon: Murphy ve Oğlu;Animation
F is for Family: 4. Sezon: Rosie'nin R'si;Animation
F is for Family: 4. Sezon: Babaya Gel;Animation
F is for Family: 4. Sezon: Sadece Nefes Al;Animation
F is for Family: 4. Sezon: B'li Kelime;Animation
Peaky Blinders: 5. Sezon: Kara Salı;Drama
F is for Family: 4. Sezon: Bana Diş Getirin;Animation
F is for Family: 4. Sezon: Hiçbir Şey İmkânsız Değildir;Animation
F is for Family: 4. Sezon: Günah Çıkarma;Animation
F is for Family: 3. Sezon: Bill Murphy'nin Serbest Gecesi;Animation
F is for Family: 3. Sezon: Baba Frank;Animation
F is for Family: 3. Sezon: Onun Kanında;Animation
F is for Family: 3. Sezon: Yaz Tatili;Animation
F is for Family: 3. Sezon: Kokteyl Sarhoşluğu;Animation
F is for Family: 3. Sezon: Kadın-Erkek Savaşı;Animation
F is for Family: 3. Sezon: Bay Murphy'nin Çılgın Gezintisi;Animation
F is for Family: 3. Sezon: Füze;Animation
F is for Family: 3. Sezon: Paul Lynde Engelleyecek;Animation
Whose Vote Counts, Explained: ABD Seçimleri: Mini Dizi: Oy Kullanma Hakkı;Documentary
F is for Family: 3. Sezon: Yaz İçin Hazır mısınız?;Animation
F is for Family: 2. Sezon: Uçağı İndirmek;Animation
Élite: 1. Sezon: Her Şey Altüst Olur;Drama
Élite: 1. Sezon: Her Şey Yoluna Girecek;Drama
Élite: 3. Sezon: Nadia ve Omar;Drama
Élite: 3. Sezon: Rebeka;Drama
Élite: 3. Sezon: Ander;Drama
Marriage Story;Drama
F is for Family: 2. Sezon: Dua Et, Kurtul;Animation
F is for Family: 2. Sezon: Her Şey Hallolur mu?;Animation
F is for Family: 2. Sezon: Kavga Gecesi;Animation
F is for Family: 2. Sezon: Bu Hiç İyi Değil;Animation
F is for Family: 2. Sezon: Kötü Bill;Animation
F is for Family: 2. Sezon: Gece Vardiyası;Animation
F is for Family: 2. Sezon: Yalancılar Kulübü;Animation
F is for Family: 2. Sezon: Sue Adında Bir Kız;Animation
F is for Family: 2. Sezon: Beni Kızaklamayın;Animation
Nadiya’s Time to Eat: Acelesi Olanlara Şipşak Tarifler;Drama
Eğlenceli Tarih Dersleri: 1. Sezon: Nükleer Enerji;Drama
F is for Family: 1. Sezon: Ne Gece Ama;Animation
F is for Family: 1. Sezon: Bill Murphy'nin İzin Günü;Animation
How I Met Your Mother: 8. Sezon: 12 Azgın Kadın;Comedy
F is for Family: 1. Sezon: Cadılar Bayramı;Animation
Eğlenceli Tarih Dersleri: 1. Sezon: Feminizm;Drama
Eğlenceli Tarih Dersleri: 1. Sezon: Robotlar;Drama
Explained: 1. Sezon: Müzik;Documentary
Eğlenceli Tarih Dersleri: 1. Sezon: Orta Doğu Petrolü;Drama
F is for Family: 1. Sezon: Aile Saadeti;Animation
Eğlenceli Tarih Dersleri: 1. Sezon: Plastikler;Drama
Eğlenceli Tarih Dersleri: 1. Sezon: Çin'in Yükselişi;Drama
Eğlenceli Tarih Dersleri: 1. Sezon: Uzay Yarışı;Drama
You: 2. Sezon: İyi, Kötü ve Hendy;Crime
You: 1. Sezon: Seninim Bebeğim;Crime
You: 1. Sezon: Her Şeylik;Crime
You: 1. Sezon: Düşmanınla Yaşamak;Crime
Élite: 3. Sezon: Cayetana ve Valerio;Drama
The Good Place: 4. Sezon: Arizonalı Bir Kız - Bölüm 2;Comedy
The Good Place: 4. Sezon: Arizonalı Bir Kız - Bölüm 1;Comedy
The Haunting: Bly Malikânesi: Öğrenci;Horror
The Haunting: Bly Malikânesi: Büyük ve İyi Bir Yer;Horror
Criminal: Almanya: Mini Dizi: Jochen;Crime
Şrek Üç;Drama
F is for Family: 1. Sezon: Belalı Cumartesi;Animation
RuPaul's Drag Race: Kelepir Drag;Reality
Charlie’nin Çikolata Fabrikası;Drama
Keeping Up with the Kardashians: 1. Sezon: Anadan Doğma;Drama
Kalifat: 8. Bölüm;Crime
Kalifat: 7. Bölüm;Crime
Kalifat: 6. Bölüm;Crime
Kalifat: 5. Bölüm;Crime
Kalifat: 4. Bölüm;Crime
Kalifat: 3. Bölüm;Crime
Kalifat: 2. Bölüm;Crime
Kalifat: 1. Bölüm;Crime
F is for Family: 1. Sezon: Kanayan İsveçli;Animation
Community: Devlet Koleji;Drama
Jeffrey Epstein: Korkunç Zengin: Mini Dizi: Seslerini Duyuranlar;Drama
Jeffrey Epstein: Korkunç Zengin: Mini Dizi: Ada;Drama
Jeffrey Epstein: Korkunç Zengin: Mini Dizi: Parayı Takip Et;Drama
Dünyanın En Zorlu Hapishaneleri: 1. Sezon: Polonya;Drama
Dünyanın En Zorlu Hapishaneleri: 3. Sezon: Kosta Rika: Gergin Hapishane;Drama
Jeffrey Epstein: Korkunç Zengin: Mini Dizi: Av Sahası;Drama
That '70s Show: Çalıntı Araba;Comedy
That '70s Show: Kayak Gezisi;Comedy
That '70s Show: Gelmiş Geçmiş En İyi Noel;Comedy
Dünyanın En Zorlu Hapishaneleri: 3. Sezon: Romanya: Çingene Hapishanesi;Drama
Dünyanın En Zorlu Hapishaneleri: 3. Sezon: Kolombiya: Uyuşturucu Kaçakçıları Hapishanesi;Drama
That '70s Show: Eric'in Kankası;Comedy
Özgürlük Yolu;Drama
That '70s Show: Kanlı Pazar;Comedy
That '70s Show: Şükran Günü;Comedy
That '70s Show: Açık Hava Sineması;Comedy
That '70s Show: Disko Bölümü;Comedy
Dark: 2. Sezon: Karanlık Madde;Psychological
That '70s Show: Fıçı;Comedy
That '70s Show: Eric Hamburgercide Çalışıyor;Comedy
That '70s Show: Seksistlerin Savaşı;Comedy
That '70s Show: Çıplak Protesto;Comedy
Fantastik Canavarlar Nelerdir, Nerede Bulunurlar?;Drama
Sherlock: Kör Bankacı;Drama
Sherlock: Pembe Üzerine Bir Çalışma;Drama
That '70s Show: Eric'in Doğum Günü;Comedy
That '70s Show: Pilot Bölüm;Comedy
How I Met Your Mother: 8. Sezon: Evlilik Sözleşmesi;Comedy
How I Met Your Mother: 5. Sezon: Zor Dönem;Comedy
How I Met Your Mother: 5. Sezon: Pencere;Comedy
The End of the F***ing World: 2. Sezon: 3. Bölüm;Drama
Keeping Up with the Kardashians: 1. Sezon: Brody Eve Geliyor;Drama
Keeping Up with the Kardashians: 1. Sezon: Anneyi İdare Etmek;Drama
How I Met Your Mother: 2. Sezon: Tokat İddiası;Comedy
How I Met Your Mother: 2. Sezon: Swarley;Comedy
Keeping Up with the Kardashians: 1. Sezon: Gözüm Üstünde;Drama
Ucuz Roman;Drama
Valeria: 1. Sezon: Bahçem Kurudu;Drama
Alvin ve Sincaplar: Yol Macerası;Drama
Çılgın Hırsız;Drama
Valeria: 1. Sezon: Bay Champi;Drama
Valeria: 1. Sezon: Çöplük;Drama
Valeria: 1. Sezon: Alaska;Drama
Valeria: 1. Sezon: İşaretler;Drama
Valeria: 1. Sezon: Taklitçi;Drama
Uğur Böceği;Drama
Not Defteri;Drama
Arif V 216;Drama
Alias Grace: Mini Dizi: 1. Kısım;Drama
Extremely Wicked, Shockingly Evil and Vile;Drama
When They See Us: Mini Dizi: Kısım 4;Drama
When They See Us: Mini Dizi: Kısım 3;Drama
When They See Us: Mini Dizi: Kısım 2;Drama
When They See Us: Mini Dizi: Kısım 1;Drama
After Life: 2. Sezon: 3. Bölüm;Drama
Unbelievable: Mini Dizi: 1. Bölüm;Drama
Unbelievable: Mini Dizi: 8. Bölüm;Drama
Unbelievable: Mini Dizi: 7. Bölüm;Drama
Unbelievable: Mini Dizi: 6. Bölüm;Drama
Unbelievable: Mini Dizi: 5. Bölüm;Drama
After Life: 2. Sezon: 2. Bölüm;Drama
Unbelievable: Mini Dizi: 4. Bölüm;Drama
Unbelievable: Mini Dizi: 3. Bölüm;Drama
Unbelievable: Mini Dizi: 2. Bölüm;Drama
After Life: 2. Sezon: 1. Bölüm;Drama
After Life: 1. Sezon: 6. Bölüm;Drama
After Life: 1. Sezon: 5. Bölüm;Drama
After Life: 1. Sezon: 4. Bölüm;Drama
100 Humans: Bizi Çekici Kılan Nedir?;Drama
After Life: 1. Sezon: 3. Bölüm;Drama
After Life: 1. Sezon: 2. Bölüm;Drama
After Life: 1. Sezon: 1. Bölüm;Drama
How I Met Your Mother: 4. Sezon: Mosbius Tasarım;Comedy
The Mind, Explained: 1. Sezon: Anksiyete;Psychological
Prison Break: 1. Sezon: Pilot Bölüm;Drama
Too Hot to Handle: 1. Sezon: Aşk, Seks ya da Para;Reality
How I Met Your Mother: 7. Sezon: Stinson Füze Krizi;Comedy
Big Mouth: 1. Sezon: Ben Gey miyim?;Drama
The Mind, Explained: 1. Sezon: Rüyalar;Psychological
The Mind, Explained: 1. Sezon: Hafıza;Psychological
Big Mouth: 1. Sezon: Herkes Kanar;Drama
Big Mouth: 1. Sezon: Boşalmak;Drama
Sex, Explained: Mini Dizi: Cazibe;Documentary
Sex, Explained: Mini Dizi: Cinsel Fanteziler;Documentary
Dügün Dernek 2: Sünnet;Drama
How I Met Your Mother: 7. Sezon: Telafi Kızı;Comedy
How I Met Your Mother: 9. Sezon: Platonik;Comedy
How I Met Your Mother: 6. Sezon: Canım Ya;Comedy
How I Met Your Mother: 4. Sezon: Karlı Üç Gün;Comedy
How I Met Your Mother: 4. Sezon: Seni Tanıyor muyum?;Comedy
How I Met Your Mother: 8. Sezon: Ayrılık Mevsimi;Comedy
Toy Boy: 1. Sezon: Maskeli Balo;Crime
Élite: 3. Sezon: Polo;Drama
Élite: 2. Sezon: 66 Saattir Kayıp;Drama
Élite: 2. Sezon: 63 Saattir Kayıp;Drama
The Good Place: 3. Sezon: Pandemonium;Comedy
The Good Place: 3. Sezon: Chidi Zaman Bıçağı'nı Görür;Comedy
The Good Place: 3. Sezon: Milyonlarca Doug;Comedy
The Good Place: 3. Sezon: Janet(lar);Comedy
The Good Place: 3. Sezon: İyi Hayat Elinizden Kayıp Gitmesin;Comedy
The Good Place: 3. Sezon: Özgür İradenin En Kötü Kullanım Şekli;Comedy
The Good Place: 3. Sezon: Çatlamış Bir Miras;Comedy
The Good Place: 3. Sezon: Donkey Doug'ın Baladı;Comedy
The Good Place: 3. Sezon: Kar Küreyici;Comedy
The Good Place: 3. Sezon: Akıllılar Çetesi;Comedy
The Good Place: 3. Sezon: İşler Tıkırında, Kısım 1 ve 2;Comedy
The Good Place: 2. Sezon: Başka Bir Yer;Comedy
The Good Place: 2. Sezon: Dürüm;Comedy
The Good Place: 2. Sezon: Rhonda, Diana, Jake ve Trent;Comedy
The Good Place: 2. Sezon: En İyi Hâlim;Comedy
The Good Place: 2. Sezon: İnanca Adım Atma;Comedy
The Good Place: 2. Sezon: Derek;Comedy
Toy Boy: 1. Sezon: Tünelin Sonu;Crime
Toy Boy: 1. Sezon: Katilin Nabzı;Crime
I Am Not Okay With This: Stan Yanımda;Drama
The Good Place: 2. Sezon: Janet ve Michael;Comedy
The Good Place: 2. Sezon: Tramvay Problemi;Comedy
How I Met Your Mother: 7. Sezon: Alan Gezisi;Comedy
The Good Place: 2. Sezon: Varoluşsal Kriz;Comedy
How I Met Your Mother: 6. Sezon: Deniz Kızı Teorisi;Comedy
How I Met Your Mother: 4. Sezon: Woooo!;Comedy
How I Met Your Mother: 4. Sezon: Müdahale;Comedy
Toy Boy: 1. Sezon: Başa Dönmek;Crime
Toy Boy: 1. Sezon: Son Hüküm;Crime
Toy Boy: 1. Sezon: Ölülerin Arasında;Crime
Toy Boy: 1. Sezon: Pilot Bölüm;Crime
Élite: 1. Sezon: Herkes Yalan Söyler;Drama
Amar;Drama
Élite: 1. Sezon: Cumartesi Gecesi;Drama
Élite: 1. Sezon: Arzu;Drama
Élite: 1. Sezon: Hoş Geldiniz;Drama
La casa de papel: 1. Kısım: 1. Bölüm;Drama
How I Met Your Mother: 5. Sezon: Kızlar mı Takımlar mı?;Comedy
Élite: 2. Sezon: 34 Saattir Kayıp;Drama
Élite: 2. Sezon: 20 Saattir Kayıp;Drama
Élite: 2. Sezon: 0 Saattir Kayıp;Drama
Élite: 2. Sezon: 84 Saattir Kayıp;Drama
How I Met Your Mother: 2. Sezon: Kaç Para?;Comedy
How I Met Your Mother: 7. Sezon: Tik Tak;Comedy
I Am Not Okay With This: Partinin Sonu;Drama
I Am Not Okay With This: İlk Sefer;Drama
I Am Not Okay With This: Sevgili Günlük...;Drama
Mucize: Uğur Böceği ile Kara Kedi: 1. Sezon: The Bubbler;Drama
Barbie Dreamhouse Adventures: 1. Sezon: Rüya Evi'ne Hoş Geldiniz!;Animation
Barbie Dolphin Magic;Animation
Umudunu Kaybetme;Drama
Esaretin Bedeli;Drama
Yeşil Yol;Drama
The Good Place: 1. Sezon: ...Benim Gibi Birini Üye Olarak;Comedy
The Good Place: 1. Sezon: En Çok Gelişim Gösteren Oyuncu;Comedy
The Good Place: 1. Sezon: Sonsuz Istırap;Comedy
The Good Place: 1. Sezon: Birbirimize Ne Borçluyuz?;Comedy
The Good Place: 1. Sezon: Kategori 55 Acil Kıyamet Krizi;Comedy
The Good Place: 1. Sezon: Her Şey Yolunda;Comedy
How I Met Your Mother: Unutulmaz Balo;Comedy
Atiye: 1. Sezon: 2. Bölüm;Psychological
Spinning Out: İyi Günler!;Drama
Spinning Out: İkisi 40$;Drama
Spinning Out: Pinecrest'i Vahşi Tutun;Drama
Spinning Out: Dikkatli Olun;Drama
Spinning Out: Aileye Hoş Geldin;Drama
Spinning Out: Sun Valley'ye Giriyorsunuz;Drama
How I Met Your Mother: 8. Sezon: Ayrılık Şehri;Comedy
How I Met Your Mother: 8. Sezon: Kim Vaftiz Ebeveyni Olmak İster?;Comedy
Atiye: 1. Sezon: 1. Bölüm;Psychological
Sil Baştan;Drama
Atypical: 1. Sezon: Dişi Bir İnsan;Drama
Atypical: 1. Sezon: Antarktika;Drama
Özgürlüğün Elli Tonu;Drama
You: 2. Sezon: Love, Her Yerde;Crime
You: 2. Sezon: Özel Dedektif Joe;Crime
You: 2. Sezon: Beverly Hills'te Korku ve Nefret;Crime
You: 2. Sezon: Yok-oluşsal Kriz;Crime
You: 2. Sezon: Elveda Tavşancığım;Crime
The End of the F***ing World: 2. Sezon: 8. Bölüm;Drama
The End of the F***ing World: 2. Sezon: 7. Bölüm;Drama
You: 2. Sezon: Arkadaşlar Ne İçindir?;Crime
You: 2. Sezon: Sadece Ucundan;Crime
You: 2. Sezon: Yeni Bir Başlangıç;Crime
The End of the F***ing World: 2. Sezon: 6. Bölüm;Drama
The End of the F***ing World: 2. Sezon: 5. Bölüm;Drama
The End of the F***ing World: 2. Sezon: 4. Bölüm;Drama
The End of the F***ing World: 2. Sezon: 2. Bölüm;Drama
Bir Konuşabilse...;Drama
The King;Drama
How I Met Your Mother: 8. Sezon: Not: Seni Seviyorum;Comedy
How I Met Your Mother: İlkler;Comedy
How I Met Your Mother: 8. Sezon: Kötü Bir Delilik;Comedy
How I Met Your Mother: 2. Sezon: Mimar Ted Mosby;Comedy
Naomi and Ely's No Kiss List;Drama
How I Met Your Mother: 5. Sezon: Sekssiz Hancı;Comedy
How I Met Your Mother: 5. Sezon: Jenkins;Comedy
How I Met Your Mother: 6. Sezon: Bebek Muhabbeti;Comedy
How I Met Your Mother: 5. Sezon: Robin'e Giriş Dersi;Comedy
How I Met Your Mother: Pilot Bölüm;Comedy
Aşk Baharı Beklemez;Drama
Unutulmaz Aşk;Drama
İkimizin Yerine;Drama
Meet Joe Black;Drama
Diktatör;Drama
Sosyal Ağ;Drama
Delibal;Drama
İlk Aşk İlk Dans;Drama
How I Met Your Mother: 4. Sezon: Sonsuza Dek Mutlu;Comedy
Black Mirror: 1. Sezon: On Beş Milyon Hak;Psychological
Black Mirror: 1. Sezon: Milli Marş;Psychological
Silsile;Drama
How I Met Your Mother: 4. Sezon: New York'un En İyi Hamburgeri;Comedy
How I Met Your Mother: 5. Sezon: Gayda;Comedy
How I Met Your Mother: 5. Sezon: Vatandaşlık Düellosu;Comedy
How I Met Your Mother: 2. Sezon: Akrep ve Kurbağa;Comedy
How I Met Your Mother: 2. Sezon: Nerede Kalmıştık?;Comedy
Peaky Blinders: 3. Sezon: 1. Bölüm;Drama
Peaky Blinders: 3. Sezon: 5. Bölüm;Drama
How I Met Your Mother: Hadisene!;Comedy
The Haunting: Tepedeki Ev: The Haunting of Hill House: Sessizlik;Horror
Barbie Life in the Dreamhouse: En İyiler - Rüya Evi;Animation
Barbie Life in the Dreamhouse: Mükemmel Havuz Partisi ve Rüya Evi Esirleri;Animation
The Haunting: Tepedeki Ev: The Haunting of Hill House: Çığlıkla Uyandıranlar;Horror
The Haunting: Tepedeki Ev: The Haunting of Hill House: Belirtici İşaretler;Horror
The Haunting: Tepedeki Ev: The Haunting of Hill House: Anma;Horror
Sünger Bob Kare Pantolon: 1. Sezon: Köpük Tezgâhı / Yırtık Şort;Animation
Cebimdeki Yabancı;Drama
The Haunting: Tepedeki Ev: The Haunting of Hill House: İki Fırtına;Horror
The Haunting: Tepedeki Ev: The Haunting of Hill House: Steven Bir Hayalet Görür;Horror
The Haunting: Tepedeki Ev: The Haunting of Hill House: Dokunuş;Horror
The Haunting: Tepedeki Ev: The Haunting of Hill House: Eğri Boyunlu Kadın;Horror
The Haunting: Tepedeki Ev: The Haunting of Hill House: İkizlere Özgü Bir Şey;Horror
The Haunting: Tepedeki Ev: The Haunting of Hill House: Açık Tabut;Horror
Uyumsuz Serisi: Yandaş Bölüm 1;Drama
Sünger Bob Kare Pantolon: 1. Sezon: Eleman Aranıyor / Resif Çöpleri / Ağaç Kubbesinde Çay;Animation
SIR;Drama
Ölümcül Oyuncaklar: Kemikler Şehri;Drama
Açlık Oyunları: Ateşi Yakalamak;Drama
Falling Inn Love;Drama
How I Met Your Mother: 4. Sezon: Atlayış;Comedy
How I Met Your Mother: 5. Sezon: Tanımlamalar;Comedy
Açlık Oyunları;Drama
Peaky Blinders: 4. Sezon: Halat;Drama
Peaky Blinders: 3. Sezon: 6. Bölüm;Drama
Peaky Blinders: 3. Sezon: 4. Bölüm;Drama
Peaky Blinders: 3. Sezon: 3. Bölüm;Drama
Peaky Blinders: 2. Sezon: 6. Bölüm;Drama
Peaky Blinders: 3. Sezon: 2. Bölüm;Drama
Açlık Oyunları: Alaycı Kuş Bölüm 1;Drama
Peaky Blinders: 2. Sezon: 5. Bölüm;Drama
How I Met Your Mother: 7. Sezon: Atlatılan Felaket;Comedy
Peaky Blinders: 2. Sezon: 4. Bölüm;Drama
Peaky Blinders: 2. Sezon: 3. Bölüm;Drama
Peaky Blinders: 2. Sezon: 2. Bölüm;Drama
Peaky Blinders: 2. Sezon: 1. Bölüm;Drama
Peaky Blinders: 1. Sezon: 6. Bölüm;Drama
Peaky Blinders: 1. Sezon: 4. Bölüm;Drama
Peaky Blinders: 1. Sezon: 5. Bölüm;Drama
Peaky Blinders: 1. Sezon: 3. Bölüm;Drama
You Me Her: Sigara, Soğan Cipsi ve Her Şey Karışık;Crime
Perfume: Amber;Drama
Perfume: Üçüncü Madde;Drama
Perfume: Sentez;Drama
Perfume: Skatol;Drama
How I Met Your Mother: 9. Sezon: Sonsuza Kadar: Kısım 2;Comedy
How I Met Your Mother: 9. Sezon: Sonsuza Kadar: Kısım 1;Comedy
Peaky Blinders: 1. Sezon: 2. Bölüm;Drama
Peaky Blinders: 1. Sezon: 1. Bölüm;Drama
How I Met Your Mother: 8. Sezon: Son Sayfa: Kısım 2;Comedy
Stranger Things: 3. Bölüm: Mutlu Noeller;Sci-Fi
How I Met Your Mother: 7. Sezon: 46 Dakika;Comedy
How I Met Your Mother: 3. Sezon: Mucizeler;Comedy
How I Met Your Mother: 9. Sezon: Mihrap;Comedy
How I Met Your Mother: 9. Sezon: Gary Blauman;Comedy
How I Met Your Mother: 9. Sezon: Papatya;Comedy
How I Met Your Mother: 9. Sezon: Anneniz Benimle Nasıl Tanıştı?;Comedy
How I Met Your Mother: 9. Sezon: Toparlanmak;Comedy
How I Met Your Mother: 9. Sezon: Vezüv;Comedy
How I Met Your Mother: 9. Sezon: Gün Doğumu;Comedy
How I Met Your Mother: 9. Sezon: Başlat;Comedy
How I Met Your Mother: 9. Sezon: Tokat Günü 3;Comedy
How I Met Your Mother: 9. Sezon: Prova Yemeği;Comedy
How I Met Your Mother: 9. Sezon: Basçı Aranıyor;Comedy
How I Met Your Mother: 9. Sezon: Uyku Masalları;Comedy
How I Met Your Mother: 9. Sezon: Anne ve Baba;Comedy
How I Met Your Mother: 9. Sezon: Deniz Feneri;Comedy
How I Met Your Mother: 9. Sezon: Soru Sormak Yok;Comedy
How I Met Your Mother: 9. Sezon: Şövalye Görüşü;Comedy
How I Met Your Mother: 8. Sezon: Kanka Mitzvahı;Comedy
How I Met Your Mother: 8. Sezon: Yeni Bir Şey;Comedy
How I Met Your Mother: 8. Sezon: Eski Bir Şey;Comedy
How I Met Your Mother: 8. Sezon: Zaman Yolcuları;Comedy
How I Met Your Mother: 8. Sezon: Kale;Comedy
How I Met Your Mother: 8. Sezon: Barney'de Hafta Sonu;Comedy
How I Met Your Mother: 8. Sezon: Küllük;Comedy
How I Met Your Mother: 8. Sezon: Yüzüğün Gücü;Comedy
How I Met Your Mother: 8. Sezon: Grup mu DJ mi?;Comedy
How I Met Your Mother: 8. Sezon: Son Sayfa: Kısım 1;Comedy
How I Met Your Mother: 8. Sezon: Abartılı Telafi;Comedy
How I Met Your Mother: 8. Sezon: Istakoz Emeklemesi;Comedy
How I Met Your Mother: 8. Sezon: Damga Sürtüğü;Comedy
How I Met Your Mother: 8. Sezon: Dadılar;Comedy
How I Met Your Mother: 8. Sezon: Farhampton;Comedy
How I Met Your Mother: 7. Sezon: Sihirbazın Kuralı: Kısım 2;Comedy
How I Met Your Mother: 7. Sezon: Sihirbazın Kuralı: Kısım 1;Comedy
How I Met Your Mother: 7. Sezon: Triloji Zamanı;Comedy
How I Met Your Mother: 7. Sezon: Kanka Andı;Comedy
How I Met Your Mother: 7. Sezon: Karma;Comedy
How I Met Your Mother: 7. Sezon: Baskı Yok;Comedy
How I Met Your Mother: 7. Sezon: Sarhoş Treni;Comedy
How I Met Your Mother: 7. Sezon: Yanan Arıcı;Comedy
How I Met Your Mother: 5. Sezon: Görsel İkizler;Comedy
How I Met Your Mother: 7. Sezon: Piknik;Comedy
How I Met Your Mother: 7. Sezon: Aydınlatma Senfonisi;Comedy
How I Met Your Mother: 7. Sezon: Kaşar Bal Kabağı Dönüyor;Comedy
How I Met Your Mother: 7. Sezon: Noretta;Comedy
How I Met Your Mother: 7. Sezon: Gizem Geçmişe Karşı;Comedy
How I Met Your Mother: 7. Sezon: Çıplak Gerçek;Comedy
How I Met Your Mother: 6. Sezon: Meydan Okumanı Kabul Ediyorum;Comedy
How I Met Your Mother: 6. Sezon: Kusursuz Kokteyl;Comedy
How I Met Your Mother: 6. Sezon: Umutsuz;Comedy
How I Met Your Mother: 6. Sezon: Patlayan Köfteli Sandviç;Comedy
How I Met Your Mother: 6. Sezon: Efsane Baba;Comedy
Sons of Anarchy: AK-51;Crime
Sons of Anarchy: Bağış Toplantısı;Crime
How I Met Your Mother: 6. Sezon: Kalbinin Sesi;Comedy
Sons of Anarchy: Kemik Kalıntıları;Crime
How I Met Your Mother: 6. Sezon: Çöp Adası;Comedy
How I Met Your Mother: 6. Sezon: Umutsuzluk Günü;Comedy
How I Met Your Mother: 6. Sezon: Son Sözler;Comedy
How I Met Your Mother: 6. Sezon: Kötü Haber;Comedy
How I Met Your Mother: 6. Sezon: Yanlış Pozitif;Comedy
How I Met Your Mother: 6. Sezon: Blitz Laneti;Comedy
How I Met Your Mother: 6. Sezon: Glitter;Comedy
How I Met Your Mother: 6. Sezon: Doğa Tarihi;Comedy
How I Met Your Mother: 6. Sezon: Randy'yi Kovmak;Comedy
Dark: 2. Sezon: Başlangıçlar ve Bitişler;Psychological
How I Met Your Mother: 6. Sezon: Yıkımın Mimarı;Comedy
How I Met Your Mother: 6. Sezon: Metro Savaşları;Comedy
Sons of Anarchy: Birleşme;Crime
How I Met Your Mother: 6. Sezon: Yarım Kalmış;Comedy
Sons of Anarchy: Fun Town;Crime
How I Met Your Mother: 6. Sezon: Ev Toplamak;Comedy
How I Met Your Mother: 6. Sezon: Önemli Günler;Comedy
Sons of Anarchy: Ekilen Tohumlar;Crime
Sons of Anarchy: Pilot Bölüm;Crime
Dark: 1. Sezon: Yalanlar;Psychological
How I Met Your Mother: 5. Sezon: Düğün Gelini;Comedy
How I Met Your Mother: 5. Sezon: Robotlar Güreşçilere Karşı;Comedy
How I Met Your Mother: 5. Sezon: Tekli Yataklar;Comedy
How I Met Your Mother: 5. Sezon: Ev Yıkıcılar;Comedy
How I Met Your Mother: 5. Sezon: Doğru mu Yanlış mı?;Comedy
How I Met Your Mother: 5. Sezon: Gülümse!;Comedy
How I Met Your Mother: 5. Sezon: Tabii;Comedy
How I Met Your Mother: 5. Sezon: Kancaya Takılmış;Comedy
How I Met Your Mother: 5. Sezon: Tavşan veya Ördek;Comedy
How I Met Your Mother: 5. Sezon: Kusursuz Hafta;Comedy
How I Met Your Mother: 5. Sezon: Son Sigara;Comedy
How I Met Your Mother: 5. Sezon: Tokat Günü 2;Comedy
How I Met Your Mother: 5. Sezon: Av Rehberi;Comedy
How I Met Your Mother: 5. Sezon: Çifte Randevu;Comedy
How I Met Your Mother: 4. Sezon: Elinden Geldiğince Hızlı;Comedy
How I Met Your Mother: 4. Sezon: Doğru Zamanda, Doğru Yerde;Comedy
How I Met Your Mother: 4. Sezon: Üç Gün Kuralı;Comedy
How I Met Your Mother: 4. Sezon: Murtaugh;Comedy
How I Met Your Mother: 4. Sezon: Yaşlı Kral Clancy;Comedy
How I Met Your Mother: 4. Sezon: Ön Veranda;Comedy
How I Met Your Mother: 4. Sezon: Üzgünüm Kanka;Comedy
How I Met Your Mother: 4. Sezon: Stinson Ailesi;Comedy
How I Met Your Mother: 4. Sezon: Mümkânsız;Comedy
How I Met Your Mother: 4. Sezon: Faydalar;Comedy
How I Met Your Mother: 4. Sezon: Küçük Minnesota;Comedy
How I Met Your Mother: 4. Sezon: Kavga;Comedy
How I Met Your Mother: 4. Sezon: Çıplak Adam;Comedy
How I Met Your Mother: 4. Sezon: Baba Olmama Günü;Comedy
How I Met Your Mother: 4. Sezon: Shelter Adası;Comedy
How I Met Your Mother: 4. Sezon: New Jersey'i Seviyorum;Comedy
How I Met Your Mother: 3. Sezon: Hepsi Satılık;Comedy
How I Met Your Mother: 3. Sezon: Telafi Kankası;Comedy
How I Met Your Mother: 3. Sezon: Keçi;Comedy
How I Met Your Mother: 3. Sezon: Kumdan Kaleler;Comedy
How I Met Your Mother: 3. Sezon: Bağırma Zinciri;Comedy
How I Met Your Mother: 3. Sezon: Liste;Comedy
How I Met Your Mother: 3. Sezon: On Seans;Comedy
How I Met Your Mother: 3. Sezon: Yarın Yok;Comedy
How I Met Your Mother: 3. Sezon: Platin Kural;Comedy
How I Met Your Mother: 3. Sezon: Bağlantı Kopması;Comedy
How I Met Your Mother: 3. Sezon: Tokat Günü;Comedy
How I Met Your Mother: 3. Sezon: Kötü Alışkanlıklar;Comedy
How I Met Your Mother: 3. Sezon: Çocuklar;Comedy
How I Met Your Mother: 3. Sezon: Üçteker;Comedy
How I Met Your Mother: 3. Sezon: Biz Buralı Değiliz;Comedy
How I Met Your Mother: 3. Sezon: Bekle;Comedy
How I Met Your Mother: 2. Sezon: Mavi Bir Şey;Comedy
How I Met Your Mother: 2. Sezon: Ödünç Alınmış Bir Şey;Comedy
How I Met Your Mother: 2. Sezon: Bekârlığa Veda Partisi;Comedy
How I Met Your Mother: 2. Sezon: Taşınma Günü;Comedy
How I Met Your Mother: 2. Sezon: Arrivederci, Fiero;Comedy
How I Met Your Mother: 2. Sezon: Pazartesi Gecesi Futbolu;Comedy
How I Met Your Mother: 2. Sezon: Kolonlar;Comedy
How I Met Your Mother: 2. Sezon: İlk Defa New York'ta;Comedy
How I Met Your Mother: 2. Sezon: Lily Noel'i Nasıl Mahvetti?;Comedy
How I Met Your Mother: 2. Sezon: Bekâr Gücü;Comedy
How I Met Your Mother: 2. Sezon: Atlantic City;Comedy
How I Met Your Mother: 2. Sezon: Aldrin Adaleti;Comedy
How I Met Your Mother: 2. Sezon: Dünyanın En Harika Çifti;Comedy
How I Met Your Mother: 2. Sezon: Brunch;Comedy
How I Met Your Mother: Süt;Comedy
How I Met Your Mother: Avukat Asistanı Mary;Comedy
How I Met Your Mother: Gece İkiden Sonra İyi Bir Şey Olmaz;Comedy
Paris'te Gece Yarısı;Drama
How I Met Your Mother: Goriller Arasında Yaşam;Comedy
How I Met Your Mother: Kapkek;Comedy
How I Met Your Mother: Oyun Gecesi;Comedy
How I Met Your Mother: Trampet Sesleri;Comedy
How I Met Your Mother: Düğün;Comedy
How I Met Your Mother: Limuzin;Comedy
How I Met Your Mother: Ananas Olayı;Comedy
How I Met Your Mother: Bıktıran Hindi;Comedy
How I Met Your Mother: Düello;Comedy
How I Met Your Mother: Çöpçatan;Comedy
How I Met Your Mother: Kaşar Bal Kabağı;Comedy
How I Met Your Mother: Okay mi? Müthiş!;Comedy
How I Met Your Mother: Gömleğin Dönüşü;Comedy
How I Met Your Mother: Özgürlüğün Tadı;Comedy
How I Met Your Mother: Mor Zürafa;Comedy
Dark: 1. Sezon: Sırlar;Psychological
Başlangıç;Drama
The Rain: 2. Sezon: Kontrolü Kaybetmeyin;Drama
The Rain: 2. Sezon: Gerçekler Acıdır;Drama
The Rain: 2. Sezon: Temas Kurmayın;Drama
The Last Summer;Drama
The Rain: 1. Sezon: Bir Arada Kalın;Drama
The Society: Yeni İsimler;Drama
The Society: Zehir;Drama
The Society: Allie'nin Kuralları;Drama
The Society: Tanrı Gibi Falan;Drama
Shadowhunters: The Mortal Instruments: Sezon 3B: Bütün Güzel Şeyler...;Drama
The Society: Maske Takmak;Drama
The Society: Damla Damla;Drama
The Society: Çocukluğa Elveda;Drama
The Society: Kasabamız;Drama
The Society: Nasıl Oldu?;Drama
The Society: Ne Oldu?;Drama
The Rain: 1. Sezon: İçeride Kalın;Drama
Noel Gecesi Kabusu;Drama
Shadowhunters: The Mortal Instruments: Sezon 3B: Bağlılık;Drama
Bataklık: Mini Dizi: Tanıklar;Drama
Bataklık: Mini Dizi: Duruşma;Drama
Bataklık: Mini Dizi: Canlandırma;Drama
Bataklık: Mini Dizi: Cenaze;Drama
Bataklık: Mini Dizi: Gözaltı;Drama
Bataklık: Mini Dizi: Maja;Drama
The Perfect Date;Drama
Shadowhunters: The Mortal Instruments: Sezon 3B: Camlar Şehri;Drama
Shadowhunters: The Mortal Instruments: Sezon 3B: Aku Cinta Kamu;Drama
Hakan: Muhafız: 2. Sezon: 5. Bölüm;Drama
Hakan: Muhafız: 2. Sezon: 4. Bölüm;Drama
Hakan: Muhafız: 2. Sezon: 3. Bölüm;Drama
Hakan: Muhafız: 2. Sezon: 2. Bölüm;Drama
Hakan: Muhafız: 2. Sezon: 1. Bölüm;Drama
Sense8: 2. Sezon: Amor Vincit Omnia;Drama
Sense8: 2. Sezon: Savaş mı İstiyorsun?;Drama
Sense8: 2. Sezon: Eğer Dünya Bir Sahneyse, Kimlik Sadece Bir Kostümdür;Drama
Sense8: 2. Sezon: Ailenin Gerçek Anlamı;Drama
Sense8: 2. Sezon: Şu An Tek İstediğim Bir Mermi Daha;Drama
Sense8: 2. Sezon: Kalbimde Nefrete Yer Yok;Drama
Sense8: 2. Sezon: Üstte İzole, Altta Bağlı;Drama
Sense8: 2. Sezon: Korkunun Ecele Faydası Yok;Drama
Shadowhunters: The Mortal Instruments: Sezon 3B: İçerideki Canavar;Drama
Shadowhunters: The Mortal Instruments: Sezon 3B: Cennet Ateşi;Drama
Aşıklar Şehri;Drama
Issız Adam;Drama
Aşk Tesadüfleri Sever;Drama
Dünyanın En Sıra Dışı Evleri: Sezon 2: Kısım B: İspanya;Drama
Unicorn Store;Drama
Zindan Adası;Drama
Aşk ve Yaşam;Drama
Battle;Drama
Sense8: 2. Sezon: Çok Seslilik;Drama
Sense8: 2. Sezon: Birlikte Yaşamaya Mecbur;Drama
Shadowhunters: The Mortal Instruments: Sezon 3B: Benimle Kal;Drama
Sense8: 2. Sezon: Ben Kimim?;Drama
Sense8: 2. Sezon: Nice S**** Yıllara;Drama
Sense8: 1. Sezon: Onu Bırakamam;Drama
Sense8: 1. Sezon: Direksiyonu Çevir Yeter ve Gelecek Değişsin;Drama
Sense8: 1. Sezon: İnsan Nedir?;Drama
Love, Rosie;Drama
Sense8: 1. Sezon: Ölüm Veda Etmene İzin Vermez;Drama
Shadowhunters: The Mortal Instruments: Sezon 3B: Gece Çocukları'na;Drama
Sense8: 1. Sezon: Neticede Hepimiz Yüreğimizdeki Mertlikle Yargılanacağız;Drama
Sense8: 1. Sezon: N-D-N-Y?;Drama
You: 1. Sezon: Mavi Sakal'ın Şatosu;Crime
You: 1. Sezon: Candace;Crime
Sense8: 1. Sezon: İblisler;Drama
Sense8: 1. Sezon: Sanat Din Gibidir;Drama
Sense8: 1. Sezon: What's Going On?;Drama
Shadowhunters: The Mortal Instruments: Sezon 3B: Gülün Öpücüğü;Drama
Sense8: 1. Sezon: Paranın Çoğu Sıska Kaltağın Üzerinde;Drama
Sense8: 1. Sezon: Ben Aslında Bizim;Drama
Liv ve Maddie: Rooney Takımı;Drama
Shadowhunters: The Mortal Instruments: Sezon 3B: Beati Bellicosi;Drama
Shadowhunters: The Mortal Instruments: Sezon 3B: İlk Günah;Drama
Dünyanın En Sıra Dışı Evleri: Sezon 2: Kısım B: İsrail;Drama
Shadowhunters: The Mortal Instruments: Sezon 3B: Kayıp Ruhlar;Drama
Baby: 1. Sezon: Süper Güçler;Drama
Sünger Bob Kare Pantolon: 1. Sezon: Uyku Zamanı / Köpük;Animation
Sünger Bob Kare Pantolon: 1. Sezon: SB-129 / Karate Keşişleri;Animation
Sünger Bob Kare Pantolon: 1. Sezon: Korkak Pantolon / Ben Bir Zamanlar Genç Bir Gary'ydim;Animation
You: 1. Sezon: Amour Fou;Crime
You: 1. Sezon: Belki;Crime
You: 1. Sezon: Kaptan;Crime
Dark: 1. Sezon: Gerçekler;Psychological
Dark: 1. Sezon: Çifte Yaşamlar;Psychological
Élite: 1. Sezon: Assilah;Drama
You: 1. Sezon: New York'taki Son Kibar Erkek;Crime
You: 1. Sezon: Pilot Bölüm;Crime
Perfume: Tutsak Etmek;Drama
Perfume: Kalp Notaları;Drama
Karanlığın Elli Tonu;Drama
Riverdale: 2. Sezon: No. 35: Cesur Yeni Dünya;Drama
Riverdale: 2. Sezon: No. 34: Hüküm Gecesi;Drama
Riverdale: 2. Sezon: No. 33: Şüphenin Gölgesi;Drama
Riverdale: 2. Sezon: No. 32: Tutsak;Drama
Riverdale: 2. Sezon: No. 31: Unutulmaz Gece;Drama
Riverdale: 2. Sezon: No. 30: Sıkı İlmik;Drama
Otel Transilvanya 2;Drama
Riverdale: 2. Sezon: No. 29: Kirli Yarış;Drama
Riverdale: 2. Sezon: No. 28: Kan Dökülecek;Drama
Riverdale: 2. Sezon: No. 27: Tepenin Gözleri;Drama
Riverdale: 2. Sezon: No. 26: Gammaz Yürek;Drama
Bodyguard: 6. Bölüm;Drama
Riverdale: 2. Sezon: No. 25: Şeytani + İlahi;Drama
Bodyguard: 5. Bölüm;Drama
Riverdale: 2. Sezon: No. 24: Güreşçi;Drama
Riverdale: 2. Sezon: No. 23: Karatahta Ormanı;Drama
Riverdale: 2. Sezon: No. 22: Sessiz Gece, Ölümcül Gece;Drama
Riverdale: 2. Sezon: No. 21: Şeytanın Evi;Drama
Riverdale: 2. Sezon: No. 20: Korku Günleri;Drama
Riverdale: 2. Sezon: No. 19: Ölüm Geçirmez;Drama
Riverdale: 2. Sezon: No. 18: Telefondaki Yabancı;Drama
Black Mirror: Bandersnatch;Psychological
Riverdale: 2. Sezon: No. 17: Dehşet Kasabası;Drama
Riverdale: 2. Sezon: No. 16: Ormandaki Göz;Drama
Riverdale: 2. Sezon: No. 15: Gece Kuşları;Drama
Riverdale: 2. Sezon: No. 14: Ölüm Öpücüğü;Drama
Riverdale: 1. Sezon: No.1: Nehrin Kenarı;Drama
Riverdale: 1. Sezon: No. 13: Öbür Dünya;Drama
Jessie: Kötü Karma;Drama
Riverdale: 1. Sezon: No. 11: Geleceğe Dönüş;Drama
Riverdale: 1. Sezon: No. 4: Son Sergi;Drama
Riverdale: 1. Sezon: No. 2: Şeytanın Dokunuşu;Drama
Barbie Life in the Dreamhouse: En İyiler - Barbie;Animation
Barbie Life in the Dreamhouse: En İyiler - Ken;Animation
Geleceğe Dönüş;Drama
Sünger Bob Kare Pantolon: 1. Sezon: Dans Sorumlusu / Ayın Elemanı;Animation
Bodyguard: 4. Bölüm;Drama
Bodyguard: 3. Bölüm;Drama
Bodyguard: 2. Bölüm;Drama
Bodyguard: 1. Bölüm;Drama
Geleceğe Dönüş II;Drama
Peaky Blinders: 4. Sezon: Şirket;Drama
Jessie: Yetenekli Bay Kipling;Drama
Peaky Blinders: 4. Sezon: Düello;Drama
Peaky Blinders: 4. Sezon: Tehlikeli;Drama
Jessie: Yeni Şehir, Yeni Dadı;Drama